record_id,link_id,timestamp,snr_db,ber,packet_loss_rate,delay_ms,throughput_kbps,link_state
LM-000001,LK-0001,2026-09-08T08:01:00+08:00,160.51,1.00e-09,0.0,28.8,4.8,EXCELLENT
LM-000002,LK-0001,2026-09-08T08:38:00+08:00,148.99,1.00e-09,0.0,31.7,4.8,EXCELLENT
LM-000003,LK-0001,2026-09-08T09:11:00+08:00,157.88,1.00e-09,0.0,39.5,4.8,EXCELLENT
LM-000004,LK-0001,2026-09-08T09:35:00+08:00,152.32,1.00e-09,0.0,32.2,4.8,EXCELLENT
LM-000005,LK-0001,2026-09-08T10:06:00+08:00,146.71,1.00e-09,0.0,39.6,4.8,EXCELLENT
LM-000006,LK-0002,2026-09-08T08:12:00+08:00,141.17,1.00e-09,0.0,39.8,4.8,EXCELLENT
LM-000007,LK-0002,2026-09-08T08:37:00+08:00,142.12,1.00e-09,0.0,33.1,4.8,EXCELLENT
LM-000008,LK-0002,2026-09-08T09:07:00+08:00,145.79,1.00e-09,0.0,29.7,4.8,EXCELLENT
LM-000009,LK-0002,2026-09-08T09:40:00+08:00,142.8,1.00e-09,0.0,30.4,4.8,EXCELLENT
LM-000010,LK-0002,2026-09-08T10:02:00+08:00,141.76,1.00e-09,0.0,36.8,4.8,EXCELLENT
LM-000011,LK-0003,2026-09-08T08:02:00+08:00,128.59,1.00e-09,0.0,32.8,64.0,EXCELLENT
LM-000012,LK-0003,2026-09-08T08:34:00+08:00,124.87,1.00e-09,0.0,31.0,64.0,EXCELLENT
LM-000013,LK-0003,2026-09-08T09:10:00+08:00,126.12,1.00e-09,0.0,28.1,64.0,EXCELLENT
LM-000014,LK-0003,2026-09-08T09:36:00+08:00,124.33,1.00e-09,0.0,35.6,64.0,EXCELLENT
LM-000015,LK-0003,2026-09-08T10:02:00+08:00,124.22,1.00e-09,0.0,33.2,64.0,EXCELLENT
LM-000016,LK-0004,2026-09-08T08:05:00+08:00,150.23,1.00e-09,0.0,40.8,4.8,EXCELLENT
LM-000017,LK-0004,2026-09-08T08:40:00+08:00,152.89,1.00e-09,0.0,31.1,4.8,EXCELLENT
LM-000018,LK-0004,2026-09-08T09:09:00+08:00,143.59,1.00e-09,0.0,36.7,4.8,EXCELLENT
LM-000019,LK-0004,2026-09-08T09:41:00+08:00,141.54,1.00e-09,0.0,35.4,4.8,EXCELLENT
LM-000020,LK-0004,2026-09-08T10:01:00+08:00,140.75,1.00e-09,0.0,38.6,4.8,EXCELLENT
LM-000021,LK-0005,2026-09-08T08:09:00+08:00,111.81,1.00e-09,0.0,35.7,64.0,EXCELLENT
LM-000022,LK-0005,2026-09-08T08:37:00+08:00,115.85,1.00e-09,0.0,40.8,64.0,EXCELLENT
LM-000023,LK-0005,2026-09-08T09:03:00+08:00,116.62,1.00e-09,0.0,32.0,64.0,EXCELLENT
LM-000024,LK-0005,2026-09-08T09:31:00+08:00,110.54,1.00e-09,0.0,32.5,64.0,EXCELLENT
LM-000025,LK-0005,2026-09-08T10:02:00+08:00,119.36,1.00e-09,0.0,40.1,64.0,EXCELLENT
LM-000026,LK-0006,2026-09-08T08:12:00+08:00,126.98,1.00e-09,0.0,32.6,4.8,EXCELLENT
LM-000027,LK-0006,2026-09-08T08:33:00+08:00,139.86,1.00e-09,0.0,34.4,4.8,EXCELLENT
LM-000028,LK-0006,2026-09-08T09:11:00+08:00,130.68,1.00e-09,0.0,34.1,4.8,EXCELLENT
LM-000029,LK-0006,2026-09-08T09:32:00+08:00,131.02,1.00e-09,0.0,37.7,4.8,EXCELLENT
LM-000030,LK-0006,2026-09-08T10:11:00+08:00,128.31,1.00e-09,0.0,40.5,4.8,EXCELLENT
LM-000031,LK-0007,2026-09-08T08:01:00+08:00,120.59,1.00e-09,0.0,29.2,4.8,EXCELLENT
LM-000032,LK-0007,2026-09-08T08:31:00+08:00,124.67,1.00e-09,0.0,36.6,4.8,EXCELLENT
LM-000033,LK-0007,2026-09-08T09:07:00+08:00,131.61,1.00e-09,0.0,28.8,4.8,EXCELLENT
LM-000034,LK-0007,2026-09-08T09:32:00+08:00,132.22,1.00e-09,0.0,39.3,4.8,EXCELLENT
LM-000035,LK-0007,2026-09-08T10:09:00+08:00,126.68,1.00e-09,0.0,38.6,4.8,EXCELLENT
LM-000036,LK-0008,2026-09-08T08:09:00+08:00,123.61,1.00e-09,0.0,40.1,64.0,EXCELLENT
LM-000037,LK-0008,2026-09-08T08:36:00+08:00,123.91,1.00e-09,0.0,31.8,64.0,EXCELLENT
LM-000038,LK-0008,2026-09-08T09:12:00+08:00,123.57,1.00e-09,0.0,29.5,64.0,EXCELLENT
LM-000039,LK-0008,2026-09-08T09:32:00+08:00,123.63,1.00e-09,0.0,39.8,64.0,EXCELLENT
LM-000040,LK-0008,2026-09-08T10:08:00+08:00,122.0,1.00e-09,0.0,34.1,64.0,EXCELLENT
LM-000041,LK-0009,2026-09-08T08:06:00+08:00,116.35,1.00e-09,0.0,35.5,64.0,EXCELLENT
LM-000042,LK-0009,2026-09-08T08:33:00+08:00,117.56,1.00e-09,0.0,37.0,64.0,EXCELLENT
LM-000043,LK-0009,2026-09-08T09:00:00+08:00,118.14,1.00e-09,0.0,32.8,64.0,EXCELLENT
LM-000044,LK-0009,2026-09-08T09:40:00+08:00,120.1,1.00e-09,0.0,39.2,64.0,EXCELLENT
LM-000045,LK-0009,2026-09-08T10:10:00+08:00,115.62,1.00e-09,0.0,33.2,64.0,EXCELLENT
LM-000046,LK-0010,2026-09-08T08:07:00+08:00,113.1,1.00e-09,0.0,32.8,4.8,EXCELLENT
LM-000047,LK-0010,2026-09-08T08:42:00+08:00,104.9,1.00e-09,0.0,37.6,4.8,EXCELLENT
LM-000048,LK-0010,2026-09-08T09:01:00+08:00,104.31,1.00e-09,0.0,37.9,4.8,EXCELLENT
LM-000049,LK-0010,2026-09-08T09:32:00+08:00,107.66,1.00e-09,0.0,34.5,4.8,EXCELLENT
LM-000050,LK-0010,2026-09-08T10:06:00+08:00,110.16,1.00e-09,0.0,37.0,4.8,EXCELLENT
LM-000051,LK-0011,2026-09-08T08:02:00+08:00,118.11,1.00e-09,0.0,36.4,4.8,EXCELLENT
LM-000052,LK-0011,2026-09-08T08:31:00+08:00,114.66,1.00e-09,0.0,38.6,4.8,EXCELLENT
LM-000053,LK-0011,2026-09-08T09:12:00+08:00,102.2,1.00e-09,0.0,37.3,4.8,EXCELLENT
LM-000054,LK-0011,2026-09-08T09:40:00+08:00,122.55,1.00e-09,0.0,40.6,4.8,EXCELLENT
LM-000055,LK-0011,2026-09-08T10:07:00+08:00,111.84,1.00e-09,0.0,39.0,4.8,EXCELLENT
LM-000056,LK-0012,2026-09-08T08:04:00+08:00,114.07,1.00e-09,0.0,29.9,4.8,EXCELLENT
LM-000057,LK-0012,2026-09-08T08:32:00+08:00,127.22,1.00e-09,0.0,41.5,4.8,EXCELLENT
LM-000058,LK-0012,2026-09-08T09:01:00+08:00,125.96,1.00e-09,0.0,32.1,4.8,EXCELLENT
LM-000059,LK-0012,2026-09-08T09:38:00+08:00,127.99,1.00e-09,0.0,28.9,4.8,EXCELLENT
LM-000060,LK-0012,2026-09-08T10:02:00+08:00,125.39,1.00e-09,0.0,38.4,4.8,EXCELLENT
LM-000061,LK-0013,2026-09-08T08:05:00+08:00,121.98,1.00e-09,0.0,40.2,4.8,EXCELLENT
LM-000062,LK-0013,2026-09-08T08:36:00+08:00,118.88,1.00e-09,0.0,34.6,4.8,EXCELLENT
LM-000063,LK-0013,2026-09-08T09:07:00+08:00,111.87,1.00e-09,0.0,35.5,4.8,EXCELLENT
LM-000064,LK-0013,2026-09-08T09:33:00+08:00,124.05,1.00e-09,0.0,35.8,4.8,EXCELLENT
LM-000065,LK-0013,2026-09-08T10:04:00+08:00,113.81,1.00e-09,0.0,33.2,4.8,EXCELLENT
LM-000066,LK-0014,2026-09-08T08:12:00+08:00,121.11,1.00e-09,0.0,39.7,4.8,EXCELLENT
LM-000067,LK-0014,2026-09-08T08:34:00+08:00,112.3,1.00e-09,0.0,33.0,4.8,EXCELLENT
LM-000068,LK-0014,2026-09-08T09:10:00+08:00,109.51,1.00e-09,0.0,30.1,4.8,EXCELLENT
LM-000069,LK-0014,2026-09-08T09:32:00+08:00,120.11,1.00e-09,0.0,34.4,4.8,EXCELLENT
LM-000070,LK-0014,2026-09-08T10:06:00+08:00,131.13,1.00e-09,0.0,38.8,4.8,EXCELLENT
LM-000071,LK-0015,2026-09-08T08:11:00+08:00,113.34,1.00e-09,0.0,40.7,4.8,EXCELLENT
LM-000072,LK-0015,2026-09-08T08:30:00+08:00,112.79,1.00e-09,0.0,34.2,4.8,EXCELLENT
LM-000073,LK-0015,2026-09-08T09:00:00+08:00,109.74,1.00e-09,0.0,31.2,4.8,EXCELLENT
LM-000074,LK-0015,2026-09-08T09:31:00+08:00,111.94,1.00e-09,0.0,37.3,4.8,EXCELLENT
LM-000075,LK-0015,2026-09-08T10:09:00+08:00,105.15,1.00e-09,0.0,29.9,4.8,EXCELLENT
LM-000076,LK-0016,2026-09-08T08:04:00+08:00,131.92,1.00e-09,0.0,41.7,4.8,EXCELLENT
LM-000077,LK-0016,2026-09-08T08:32:00+08:00,116.42,1.00e-09,0.0,34.4,4.8,EXCELLENT
LM-000078,LK-0016,2026-09-08T09:10:00+08:00,118.76,1.00e-09,0.0,28.5,4.8,EXCELLENT
LM-000079,LK-0016,2026-09-08T09:38:00+08:00,124.91,1.00e-09,0.0,30.9,4.8,EXCELLENT
LM-000080,LK-0016,2026-09-08T10:10:00+08:00,117.6,1.00e-09,0.0,38.6,4.8,EXCELLENT
LM-000081,LK-0017,2026-09-08T08:00:00+08:00,103.56,1.00e-09,0.0,37.3,64.0,EXCELLENT
LM-000082,LK-0017,2026-09-08T08:42:00+08:00,104.84,1.00e-09,0.0,37.2,64.0,EXCELLENT
LM-000083,LK-0017,2026-09-08T09:00:00+08:00,106.44,1.00e-09,0.0,31.0,64.0,EXCELLENT
LM-000084,LK-0017,2026-09-08T09:30:00+08:00,105.16,1.00e-09,0.0,35.4,64.0,EXCELLENT
LM-000085,LK-0017,2026-09-08T10:01:00+08:00,105.3,1.00e-09,0.0,34.8,64.0,EXCELLENT
LM-000086,LK-0018,2026-09-08T08:12:00+08:00,103.22,1.00e-09,0.0,34.7,4.8,EXCELLENT
LM-000087,LK-0018,2026-09-08T08:38:00+08:00,109.91,1.00e-09,0.0,39.4,4.8,EXCELLENT
LM-000088,LK-0018,2026-09-08T09:00:00+08:00,103.64,1.00e-09,0.0,31.0,4.8,EXCELLENT
LM-000089,LK-0018,2026-09-08T09:32:00+08:00,105.68,1.00e-09,0.0,40.8,4.8,EXCELLENT
LM-000090,LK-0018,2026-09-08T10:04:00+08:00,108.67,1.00e-09,0.0,34.4,4.8,EXCELLENT
LM-000091,LK-0019,2026-09-08T08:04:00+08:00,110.03,1.00e-09,0.0,41.9,4.8,EXCELLENT
LM-000092,LK-0019,2026-09-08T08:36:00+08:00,98.53,1.00e-09,0.0,37.1,4.8,EXCELLENT
LM-000093,LK-0019,2026-09-08T09:08:00+08:00,100.83,1.00e-09,0.0,33.7,4.8,EXCELLENT
LM-000094,LK-0019,2026-09-08T09:38:00+08:00,110.23,1.00e-09,0.0,41.3,4.8,EXCELLENT
LM-000095,LK-0019,2026-09-08T10:01:00+08:00,109.94,1.00e-09,0.0,36.7,4.8,EXCELLENT
LM-000096,LK-0020,2026-09-08T08:12:00+08:00,92.0,1.00e-09,0.0,34.3,64.0,EXCELLENT
LM-000097,LK-0020,2026-09-08T08:36:00+08:00,89.57,1.00e-09,0.0,41.9,64.0,EXCELLENT
LM-000098,LK-0020,2026-09-08T09:02:00+08:00,90.37,1.00e-09,0.0,40.8,64.0,EXCELLENT
LM-000099,LK-0020,2026-09-08T09:33:00+08:00,90.7,1.00e-09,0.0,38.1,64.0,EXCELLENT
LM-000100,LK-0020,2026-09-08T10:11:00+08:00,88.66,1.00e-09,0.0,39.3,64.0,EXCELLENT
LM-000101,LK-0021,2026-09-08T08:08:00+08:00,115.88,1.00e-09,0.0,41.7,4.8,EXCELLENT
LM-000102,LK-0021,2026-09-08T08:30:00+08:00,107.74,1.00e-09,0.0,41.4,4.8,EXCELLENT
LM-000103,LK-0021,2026-09-08T09:12:00+08:00,116.93,1.00e-09,0.0,30.3,4.8,EXCELLENT
LM-000104,LK-0021,2026-09-08T09:35:00+08:00,122.08,1.00e-09,0.0,35.4,4.8,EXCELLENT
LM-000105,LK-0021,2026-09-08T10:09:00+08:00,107.87,1.00e-09,0.0,35.6,4.8,EXCELLENT
LM-000106,LK-0022,2026-09-08T08:02:00+08:00,85.26,1.00e-09,0.0,35.6,64.0,EXCELLENT
LM-000107,LK-0022,2026-09-08T08:41:00+08:00,84.19,1.00e-09,0.0,40.8,64.0,EXCELLENT
LM-000108,LK-0022,2026-09-08T09:12:00+08:00,85.11,1.00e-09,0.0,39.5,64.0,EXCELLENT
LM-000109,LK-0022,2026-09-08T09:36:00+08:00,83.3,1.00e-09,0.0,34.6,64.0,EXCELLENT
LM-000110,LK-0022,2026-09-08T10:01:00+08:00,79.85,1.00e-09,0.0,34.3,64.0,EXCELLENT
LM-000111,LK-0023,2026-09-08T08:01:00+08:00,117.06,1.00e-09,0.0,33.7,4.8,EXCELLENT
LM-000112,LK-0023,2026-09-08T08:41:00+08:00,110.55,1.00e-09,0.0,34.6,4.8,EXCELLENT
LM-000113,LK-0023,2026-09-08T09:12:00+08:00,109.47,1.00e-09,0.0,31.5,4.8,EXCELLENT
LM-000114,LK-0023,2026-09-08T09:36:00+08:00,114.81,1.00e-09,0.0,29.6,4.8,EXCELLENT
LM-000115,LK-0023,2026-09-08T10:05:00+08:00,117.83,1.00e-09,0.0,37.2,4.8,EXCELLENT
LM-000116,LK-0024,2026-09-08T08:09:00+08:00,75.84,1.00e-09,0.0,35.5,4.8,EXCELLENT
LM-000117,LK-0024,2026-09-08T08:42:00+08:00,95.65,1.00e-09,0.0,31.3,4.8,EXCELLENT
LM-000118,LK-0024,2026-09-08T09:08:00+08:00,81.09,1.00e-09,0.0,29.1,4.8,EXCELLENT
LM-000119,LK-0024,2026-09-08T09:37:00+08:00,86.17,1.00e-09,0.0,29.6,4.8,EXCELLENT
LM-000120,LK-0024,2026-09-08T10:00:00+08:00,86.96,1.00e-09,0.0,37.7,4.8,EXCELLENT
LM-000121,LK-0025,2026-09-08T08:02:00+08:00,93.28,1.00e-09,0.0,34.4,64.0,EXCELLENT
LM-000122,LK-0025,2026-09-08T08:39:00+08:00,94.43,1.00e-09,0.0,37.2,64.0,EXCELLENT
LM-000123,LK-0025,2026-09-08T09:05:00+08:00,93.94,1.00e-09,0.0,38.0,64.0,EXCELLENT
LM-000124,LK-0025,2026-09-08T09:37:00+08:00,96.69,1.00e-09,0.0,31.1,64.0,EXCELLENT
LM-000125,LK-0025,2026-09-08T10:06:00+08:00,90.04,1.00e-09,0.0,39.1,64.0,EXCELLENT
LM-000126,LK-0026,2026-09-08T08:11:00+08:00,105.21,1.00e-09,0.0,31.7,4.8,EXCELLENT
LM-000127,LK-0026,2026-09-08T08:35:00+08:00,101.59,1.00e-09,0.0,29.3,4.8,EXCELLENT
LM-000128,LK-0026,2026-09-08T09:07:00+08:00,105.13,1.00e-09,0.0,40.4,4.8,EXCELLENT
LM-000129,LK-0026,2026-09-08T09:42:00+08:00,103.01,1.00e-09,0.0,39.2,4.8,EXCELLENT
LM-000130,LK-0026,2026-09-08T10:03:00+08:00,101.51,1.00e-09,0.0,39.7,4.8,EXCELLENT
LM-000131,LK-0027,2026-09-08T08:02:00+08:00,115.0,1.00e-09,0.0,40.5,4.8,EXCELLENT
LM-000132,LK-0027,2026-09-08T08:41:00+08:00,107.2,1.00e-09,0.0,30.6,4.8,EXCELLENT
LM-000133,LK-0027,2026-09-08T09:02:00+08:00,109.4,1.00e-09,0.0,36.8,4.8,EXCELLENT
LM-000134,LK-0027,2026-09-08T09:42:00+08:00,113.92,1.00e-09,0.0,38.0,4.8,EXCELLENT
LM-000135,LK-0027,2026-09-08T10:07:00+08:00,108.46,1.00e-09,0.0,37.2,4.8,EXCELLENT
LM-000136,LK-0028,2026-09-08T08:04:00+08:00,95.17,1.00e-09,0.0,32.1,64.0,EXCELLENT
LM-000137,LK-0028,2026-09-08T08:35:00+08:00,95.29,1.00e-09,0.0,40.7,64.0,EXCELLENT
LM-000138,LK-0028,2026-09-08T09:02:00+08:00,100.15,1.00e-09,0.0,32.2,64.0,EXCELLENT
LM-000139,LK-0028,2026-09-08T09:34:00+08:00,100.01,1.00e-09,0.0,33.6,64.0,EXCELLENT
LM-000140,LK-0028,2026-09-08T10:07:00+08:00,100.31,1.00e-09,0.0,30.9,64.0,EXCELLENT
LM-000141,LK-0029,2026-09-08T08:09:00+08:00,85.27,1.00e-09,0.0,28.9,4.8,EXCELLENT
LM-000142,LK-0029,2026-09-08T08:36:00+08:00,78.89,1.00e-09,0.0,39.5,4.8,EXCELLENT
LM-000143,LK-0029,2026-09-08T09:06:00+08:00,91.92,1.00e-09,0.0,29.8,4.8,EXCELLENT
LM-000144,LK-0029,2026-09-08T09:36:00+08:00,91.61,1.00e-09,0.0,39.2,4.8,EXCELLENT
LM-000145,LK-0029,2026-09-08T10:02:00+08:00,84.3,1.00e-09,0.0,39.4,4.8,EXCELLENT
LM-000146,LK-0030,2026-09-08T08:07:00+08:00,92.42,1.00e-09,0.0,40.4,4.8,EXCELLENT
LM-000147,LK-0030,2026-09-08T08:37:00+08:00,94.44,1.00e-09,0.0,33.1,4.8,EXCELLENT
LM-000148,LK-0030,2026-09-08T09:04:00+08:00,94.61,1.00e-09,0.0,31.6,4.8,EXCELLENT
LM-000149,LK-0030,2026-09-08T09:41:00+08:00,98.04,1.00e-09,0.0,40.4,4.8,EXCELLENT
LM-000150,LK-0030,2026-09-08T10:03:00+08:00,100.33,1.00e-09,0.0,33.5,4.8,EXCELLENT
LM-000151,LK-0031,2026-09-08T08:01:00+08:00,110.14,1.00e-09,0.0,28.7,4.8,EXCELLENT
LM-000152,LK-0031,2026-09-08T08:41:00+08:00,95.87,1.00e-09,0.0,38.0,4.8,EXCELLENT
LM-000153,LK-0031,2026-09-08T09:01:00+08:00,98.63,1.00e-09,0.0,34.3,4.8,EXCELLENT
LM-000154,LK-0031,2026-09-08T09:42:00+08:00,101.88,1.00e-09,0.0,32.1,4.8,EXCELLENT
LM-000155,LK-0031,2026-09-08T10:09:00+08:00,98.8,1.00e-09,0.0,35.3,4.8,EXCELLENT
LM-000156,LK-0032,2026-09-08T08:01:00+08:00,86.58,1.00e-09,0.0,37.8,4.8,EXCELLENT
LM-000157,LK-0032,2026-09-08T08:41:00+08:00,81.27,1.00e-09,0.0,32.5,4.8,EXCELLENT
LM-000158,LK-0032,2026-09-08T09:01:00+08:00,84.74,1.00e-09,0.0,35.3,4.8,EXCELLENT
LM-000159,LK-0032,2026-09-08T09:40:00+08:00,80.73,1.00e-09,0.0,41.0,4.8,EXCELLENT
LM-000160,LK-0032,2026-09-08T10:00:00+08:00,87.43,1.00e-09,0.0,31.5,4.8,EXCELLENT
LM-000161,LK-0033,2026-09-08T08:09:00+08:00,90.34,1.00e-09,0.0,42.3,4.8,EXCELLENT
LM-000162,LK-0033,2026-09-08T08:33:00+08:00,95.68,1.00e-09,0.0,41.4,4.8,EXCELLENT
LM-000163,LK-0033,2026-09-08T09:08:00+08:00,94.12,1.00e-09,0.0,37.3,4.8,EXCELLENT
LM-000164,LK-0033,2026-09-08T09:42:00+08:00,94.64,1.00e-09,0.0,36.4,4.8,EXCELLENT
LM-000165,LK-0033,2026-09-08T10:06:00+08:00,93.91,1.00e-09,0.0,41.0,4.8,EXCELLENT
LM-000166,LK-0034,2026-09-08T08:12:00+08:00,82.88,1.00e-09,0.0,39.7,4.8,EXCELLENT
LM-000167,LK-0034,2026-09-08T08:41:00+08:00,85.89,1.00e-09,0.0,33.8,4.8,EXCELLENT
LM-000168,LK-0034,2026-09-08T09:10:00+08:00,92.1,1.00e-09,0.0,33.1,4.8,EXCELLENT
LM-000169,LK-0034,2026-09-08T09:35:00+08:00,100.6,1.00e-09,0.0,42.3,4.8,EXCELLENT
LM-000170,LK-0034,2026-09-08T10:09:00+08:00,86.67,1.00e-09,0.0,36.7,4.8,EXCELLENT
LM-000171,LK-0035,2026-09-08T08:08:00+08:00,95.77,1.00e-09,0.0,33.7,4.8,EXCELLENT
LM-000172,LK-0035,2026-09-08T08:39:00+08:00,95.41,1.00e-09,0.0,30.4,4.8,EXCELLENT
LM-000173,LK-0035,2026-09-08T09:05:00+08:00,82.37,1.00e-09,0.0,34.3,4.8,EXCELLENT
LM-000174,LK-0035,2026-09-08T09:34:00+08:00,89.99,1.00e-09,0.0,40.3,4.8,EXCELLENT
LM-000175,LK-0035,2026-09-08T10:11:00+08:00,94.11,1.00e-09,0.0,38.0,4.8,EXCELLENT
LM-000176,LK-0036,2026-09-08T08:08:00+08:00,68.66,1.00e-09,0.0,31.6,64.0,EXCELLENT
LM-000177,LK-0036,2026-09-08T08:39:00+08:00,69.5,1.00e-09,0.0,33.9,64.0,EXCELLENT
LM-000178,LK-0036,2026-09-08T09:12:00+08:00,64.03,1.00e-09,0.0,34.0,64.0,EXCELLENT
LM-000179,LK-0036,2026-09-08T09:39:00+08:00,66.08,1.00e-09,0.0,33.7,64.0,EXCELLENT
LM-000180,LK-0036,2026-09-08T10:05:00+08:00,68.77,1.00e-09,0.0,31.4,64.0,EXCELLENT
LM-000181,LK-0037,2026-09-08T08:04:00+08:00,41.18,1.00e-09,0.0005,33.0,63.97,EXCELLENT
LM-000182,LK-0037,2026-09-08T08:39:00+08:00,33.35,1.00e-09,0.0022,36.5,63.86,GOOD
LM-000183,LK-0037,2026-09-08T09:11:00+08:00,39.78,1.00e-09,0.0007,28.9,63.96,EXCELLENT
LM-000184,LK-0037,2026-09-08T09:42:00+08:00,35.11,1.00e-09,0.0016,31.8,63.9,EXCELLENT
LM-000185,LK-0037,2026-09-08T10:09:00+08:00,36.08,1.00e-09,0.0013,29.2,63.91,EXCELLENT
LM-000186,LK-0038,2026-09-08T08:04:00+08:00,74.28,1.00e-09,0.0,42.0,4.8,EXCELLENT
LM-000187,LK-0038,2026-09-08T08:39:00+08:00,81.59,1.00e-09,0.0,34.4,4.8,EXCELLENT
LM-000188,LK-0038,2026-09-08T09:00:00+08:00,79.55,1.00e-09,0.0,31.3,4.8,EXCELLENT
LM-000189,LK-0038,2026-09-08T09:37:00+08:00,79.02,1.00e-09,0.0,32.9,4.8,EXCELLENT
LM-000190,LK-0038,2026-09-08T10:01:00+08:00,82.76,1.00e-09,0.0,28.8,4.8,EXCELLENT
LM-000191,LK-0039,2026-09-08T08:04:00+08:00,82.84,1.00e-09,0.0,36.4,4.8,EXCELLENT
LM-000192,LK-0039,2026-09-08T08:41:00+08:00,90.5,1.00e-09,0.0,32.3,4.8,EXCELLENT
LM-000193,LK-0039,2026-09-08T09:11:00+08:00,77.0,1.00e-09,0.0,32.5,4.8,EXCELLENT
LM-000194,LK-0039,2026-09-08T09:30:00+08:00,86.75,1.00e-09,0.0,36.5,4.8,EXCELLENT
LM-000195,LK-0039,2026-09-08T10:11:00+08:00,87.48,1.00e-09,0.0,28.8,4.8,EXCELLENT
LM-000196,LK-0040,2026-09-08T08:04:00+08:00,92.26,1.00e-09,0.0,34.1,4.8,EXCELLENT
LM-000197,LK-0040,2026-09-08T08:35:00+08:00,93.62,1.00e-09,0.0,33.1,4.8,EXCELLENT
LM-000198,LK-0040,2026-09-08T09:00:00+08:00,94.07,1.00e-09,0.0,30.5,4.8,EXCELLENT
LM-000199,LK-0040,2026-09-08T09:33:00+08:00,110.57,1.00e-09,0.0,38.5,4.8,EXCELLENT
LM-000200,LK-0040,2026-09-08T10:11:00+08:00,101.28,1.00e-09,0.0,41.2,4.8,EXCELLENT
LM-000201,LK-0041,2026-09-08T08:01:00+08:00,85.24,1.00e-09,0.0,39.9,4.8,EXCELLENT
LM-000202,LK-0041,2026-09-08T08:38:00+08:00,88.31,1.00e-09,0.0,34.2,4.8,EXCELLENT
LM-000203,LK-0041,2026-09-08T09:12:00+08:00,92.9,1.00e-09,0.0,35.8,4.8,EXCELLENT
LM-000204,LK-0041,2026-09-08T09:40:00+08:00,90.68,1.00e-09,0.0,42.0,4.8,EXCELLENT
LM-000205,LK-0041,2026-09-08T10:12:00+08:00,90.65,1.00e-09,0.0,31.9,4.8,EXCELLENT
LM-000206,LK-0042,2026-09-08T08:07:00+08:00,75.37,1.00e-09,0.0,30.5,64.0,EXCELLENT
LM-000207,LK-0042,2026-09-08T08:38:00+08:00,71.21,1.00e-09,0.0,33.4,64.0,EXCELLENT
LM-000208,LK-0042,2026-09-08T09:06:00+08:00,71.73,1.00e-09,0.0,32.5,64.0,EXCELLENT
LM-000209,LK-0042,2026-09-08T09:41:00+08:00,71.44,1.00e-09,0.0,38.8,64.0,EXCELLENT
LM-000210,LK-0042,2026-09-08T10:05:00+08:00,76.11,1.00e-09,0.0,41.3,64.0,EXCELLENT
LM-000211,LK-0043,2026-09-08T08:09:00+08:00,81.47,1.00e-09,0.0,33.0,64.0,EXCELLENT
LM-000212,LK-0043,2026-09-08T08:40:00+08:00,82.56,1.00e-09,0.0,32.5,64.0,EXCELLENT
LM-000213,LK-0043,2026-09-08T09:08:00+08:00,82.45,1.00e-09,0.0,33.4,64.0,EXCELLENT
LM-000214,LK-0043,2026-09-08T09:42:00+08:00,81.52,1.00e-09,0.0,29.9,64.0,EXCELLENT
LM-000215,LK-0043,2026-09-08T10:05:00+08:00,85.43,1.00e-09,0.0,34.8,64.0,EXCELLENT
LM-000216,LK-0044,2026-09-08T08:09:00+08:00,78.53,1.00e-09,0.0,30.3,64.0,EXCELLENT
LM-000217,LK-0044,2026-09-08T08:35:00+08:00,80.74,1.00e-09,0.0,34.4,64.0,EXCELLENT
LM-000218,LK-0044,2026-09-08T09:10:00+08:00,74.69,1.00e-09,0.0,30.9,64.0,EXCELLENT
LM-000219,LK-0044,2026-09-08T09:32:00+08:00,76.7,1.00e-09,0.0,39.4,64.0,EXCELLENT
LM-000220,LK-0044,2026-09-08T10:09:00+08:00,76.92,1.00e-09,0.0,36.0,64.0,EXCELLENT
LM-000221,LK-0045,2026-09-08T08:04:00+08:00,90.07,1.00e-09,0.0,31.7,64.0,EXCELLENT
LM-000222,LK-0045,2026-09-08T08:34:00+08:00,86.63,1.00e-09,0.0,33.5,64.0,EXCELLENT
LM-000223,LK-0045,2026-09-08T09:06:00+08:00,93.65,1.00e-09,0.0,30.2,64.0,EXCELLENT
LM-000224,LK-0045,2026-09-08T09:38:00+08:00,90.6,1.00e-09,0.0,31.2,64.0,EXCELLENT
LM-000225,LK-0045,2026-09-08T10:05:00+08:00,87.3,1.00e-09,0.0,31.6,64.0,EXCELLENT
LM-000226,LK-0046,2026-09-08T08:12:00+08:00,84.9,1.00e-09,0.0,37.9,64.0,EXCELLENT
LM-000227,LK-0046,2026-09-08T08:35:00+08:00,87.07,1.00e-09,0.0,30.0,64.0,EXCELLENT
LM-000228,LK-0046,2026-09-08T09:08:00+08:00,85.12,1.00e-09,0.0,41.2,64.0,EXCELLENT
LM-000229,LK-0046,2026-09-08T09:31:00+08:00,83.12,1.00e-09,0.0,33.9,64.0,EXCELLENT
LM-000230,LK-0046,2026-09-08T10:04:00+08:00,87.84,1.00e-09,0.0,42.1,64.0,EXCELLENT
LM-000231,LK-0047,2026-09-08T08:06:00+08:00,79.78,1.00e-09,0.0,40.0,64.0,EXCELLENT
LM-000232,LK-0047,2026-09-08T08:32:00+08:00,86.18,1.00e-09,0.0,33.2,64.0,EXCELLENT
LM-000233,LK-0047,2026-09-08T09:10:00+08:00,84.85,1.00e-09,0.0,29.6,64.0,EXCELLENT
LM-000234,LK-0047,2026-09-08T09:37:00+08:00,86.22,1.00e-09,0.0,34.5,64.0,EXCELLENT
LM-000235,LK-0047,2026-09-08T10:11:00+08:00,78.11,1.00e-09,0.0,35.4,64.0,EXCELLENT
LM-000236,LK-0048,2026-09-08T08:00:00+08:00,76.35,1.00e-09,0.0,38.5,64.0,EXCELLENT
LM-000237,LK-0048,2026-09-08T08:31:00+08:00,80.45,1.00e-09,0.0,30.7,64.0,EXCELLENT
LM-000238,LK-0048,2026-09-08T09:11:00+08:00,80.05,1.00e-09,0.0,31.5,64.0,EXCELLENT
LM-000239,LK-0048,2026-09-08T09:32:00+08:00,70.99,1.00e-09,0.0,36.3,64.0,EXCELLENT
LM-000240,LK-0048,2026-09-08T10:05:00+08:00,76.66,1.00e-09,0.0,38.7,64.0,EXCELLENT
LM-000241,LK-0049,2026-09-08T08:04:00+08:00,72.59,1.00e-09,0.0,33.9,4.8,EXCELLENT
LM-000242,LK-0049,2026-09-08T08:38:00+08:00,67.22,1.00e-09,0.0,33.3,4.8,EXCELLENT
LM-000243,LK-0049,2026-09-08T09:02:00+08:00,82.86,1.00e-09,0.0,36.8,4.8,EXCELLENT
LM-000244,LK-0049,2026-09-08T09:35:00+08:00,77.62,1.00e-09,0.0,39.1,4.8,EXCELLENT
LM-000245,LK-0049,2026-09-08T10:06:00+08:00,79.0,1.00e-09,0.0,37.4,4.8,EXCELLENT
LM-000246,LK-0050,2026-09-08T08:00:00+08:00,70.7,1.00e-09,0.0,39.7,64.0,EXCELLENT
LM-000247,LK-0050,2026-09-08T08:37:00+08:00,77.65,1.00e-09,0.0,36.4,64.0,EXCELLENT
LM-000248,LK-0050,2026-09-08T09:09:00+08:00,75.69,1.00e-09,0.0,31.9,64.0,EXCELLENT
LM-000249,LK-0050,2026-09-08T09:37:00+08:00,75.15,1.00e-09,0.0,33.4,64.0,EXCELLENT
LM-000250,LK-0050,2026-09-08T10:10:00+08:00,76.43,1.00e-09,0.0,42.4,64.0,EXCELLENT
LM-000251,LK-0051,2026-09-08T08:11:00+08:00,88.93,1.00e-09,0.0,28.8,64.0,EXCELLENT
LM-000252,LK-0051,2026-09-08T08:35:00+08:00,89.7,1.00e-09,0.0,36.0,64.0,EXCELLENT
LM-000253,LK-0051,2026-09-08T09:00:00+08:00,90.37,1.00e-09,0.0,35.7,64.0,EXCELLENT
LM-000254,LK-0051,2026-09-08T09:39:00+08:00,86.15,1.00e-09,0.0,41.0,64.0,EXCELLENT
LM-000255,LK-0051,2026-09-08T10:02:00+08:00,83.86,1.00e-09,0.0,30.2,64.0,EXCELLENT
LM-000256,LK-0052,2026-09-08T08:07:00+08:00,86.93,1.00e-09,0.0,41.6,64.0,EXCELLENT
LM-000257,LK-0052,2026-09-08T08:33:00+08:00,79.14,1.00e-09,0.0,33.9,64.0,EXCELLENT
LM-000258,LK-0052,2026-09-08T09:12:00+08:00,80.41,1.00e-09,0.0,35.7,64.0,EXCELLENT
LM-000259,LK-0052,2026-09-08T09:34:00+08:00,81.36,1.00e-09,0.0,37.2,64.0,EXCELLENT
LM-000260,LK-0052,2026-09-08T10:00:00+08:00,83.29,1.00e-09,0.0,34.1,64.0,EXCELLENT
LM-000261,LK-0053,2026-09-08T08:08:00+08:00,72.53,1.00e-09,0.0,41.0,64.0,EXCELLENT
LM-000262,LK-0053,2026-09-08T08:38:00+08:00,75.05,1.00e-09,0.0,35.0,64.0,EXCELLENT
LM-000263,LK-0053,2026-09-08T09:10:00+08:00,74.4,1.00e-09,0.0,40.0,64.0,EXCELLENT
LM-000264,LK-0053,2026-09-08T09:32:00+08:00,71.89,1.00e-09,0.0,34.0,64.0,EXCELLENT
LM-000265,LK-0053,2026-09-08T10:10:00+08:00,71.81,1.00e-09,0.0,37.1,64.0,EXCELLENT
LM-000266,LK-0054,2026-09-08T08:11:00+08:00,88.98,1.00e-09,0.0,40.9,4.8,EXCELLENT
LM-000267,LK-0054,2026-09-08T08:42:00+08:00,82.67,1.00e-09,0.0,36.9,4.8,EXCELLENT
LM-000268,LK-0054,2026-09-08T09:08:00+08:00,76.97,1.00e-09,0.0,32.6,4.8,EXCELLENT
LM-000269,LK-0054,2026-09-08T09:37:00+08:00,82.75,1.00e-09,0.0,30.6,4.8,EXCELLENT
LM-000270,LK-0054,2026-09-08T10:06:00+08:00,93.78,1.00e-09,0.0,39.4,4.8,EXCELLENT
LM-000271,LK-0055,2026-09-08T08:03:00+08:00,81.55,1.00e-09,0.0,39.6,4.8,EXCELLENT
LM-000272,LK-0055,2026-09-08T08:42:00+08:00,89.6,1.00e-09,0.0,39.2,4.8,EXCELLENT
LM-000273,LK-0055,2026-09-08T09:09:00+08:00,85.17,1.00e-09,0.0,36.6,4.8,EXCELLENT
LM-000274,LK-0055,2026-09-08T09:39:00+08:00,81.21,1.00e-09,0.0,40.0,4.8,EXCELLENT
LM-000275,LK-0055,2026-09-08T10:05:00+08:00,91.84,1.00e-09,0.0,37.1,4.8,EXCELLENT
LM-000276,LK-0056,2026-09-08T08:01:00+08:00,23.65,4.28e-07,0.0129,48.5,62.18,WARNING
LM-000277,LK-0056,2026-09-08T08:38:00+08:00,27.52,3.13e-08,0.0064,44.3,63.59,GOOD
LM-000278,LK-0056,2026-09-08T09:07:00+08:00,24.87,1.88e-07,0.0103,47.4,63.34,WARNING
LM-000279,LK-0056,2026-09-08T09:37:00+08:00,22.4,1.00e-06,0.0162,43.9,58.38,WARNING
LM-000280,LK-0056,2026-09-08T10:12:00+08:00,24.31,2.73e-07,0.0114,40.9,63.27,WARNING
LM-000281,LK-0057,2026-09-08T08:02:00+08:00,84.78,1.00e-09,0.0,38.0,4.8,EXCELLENT
LM-000282,LK-0057,2026-09-08T08:40:00+08:00,84.57,1.00e-09,0.0,38.2,4.8,EXCELLENT
LM-000283,LK-0057,2026-09-08T09:04:00+08:00,79.71,1.00e-09,0.0,37.9,4.8,EXCELLENT
LM-000284,LK-0057,2026-09-08T09:42:00+08:00,86.01,1.00e-09,0.0,40.7,4.8,EXCELLENT
LM-000285,LK-0057,2026-09-08T10:12:00+08:00,83.3,1.00e-09,0.0,41.3,4.8,EXCELLENT
LM-000286,LK-0058,2026-09-08T08:08:00+08:00,82.95,1.00e-09,0.0,29.5,64.0,EXCELLENT
LM-000287,LK-0058,2026-09-08T08:32:00+08:00,79.96,1.00e-09,0.0,35.5,64.0,EXCELLENT
LM-000288,LK-0058,2026-09-08T09:09:00+08:00,88.25,1.00e-09,0.0,36.1,64.0,EXCELLENT
LM-000289,LK-0058,2026-09-08T09:39:00+08:00,84.28,1.00e-09,0.0,33.0,64.0,EXCELLENT
LM-000290,LK-0058,2026-09-08T10:04:00+08:00,85.73,1.00e-09,0.0,30.2,64.0,EXCELLENT
LM-000291,LK-0059,2026-09-08T08:05:00+08:00,95.01,1.00e-09,0.0,41.1,4.8,EXCELLENT
LM-000292,LK-0059,2026-09-08T08:35:00+08:00,80.97,1.00e-09,0.0,41.6,4.8,EXCELLENT
LM-000293,LK-0059,2026-09-08T09:08:00+08:00,84.38,1.00e-09,0.0,42.1,4.8,EXCELLENT
LM-000294,LK-0059,2026-09-08T09:37:00+08:00,91.43,1.00e-09,0.0,32.2,4.8,EXCELLENT
LM-000295,LK-0059,2026-09-08T10:02:00+08:00,85.2,1.00e-09,0.0,38.0,4.8,EXCELLENT
LM-000296,LK-0060,2026-09-08T08:09:00+08:00,78.21,1.00e-09,0.0,39.0,64.0,EXCELLENT
LM-000297,LK-0060,2026-09-08T08:35:00+08:00,70.7,1.00e-09,0.0,30.6,64.0,EXCELLENT
LM-000298,LK-0060,2026-09-08T09:12:00+08:00,80.14,1.00e-09,0.0,30.8,64.0,EXCELLENT
LM-000299,LK-0060,2026-09-08T09:33:00+08:00,77.11,1.00e-09,0.0,40.7,64.0,EXCELLENT
LM-000300,LK-0060,2026-09-08T10:05:00+08:00,74.63,1.00e-09,0.0,33.8,64.0,EXCELLENT
LM-000301,LK-0061,2026-09-08T08:03:00+08:00,56.4,1.00e-09,0.0,39.8,64.0,EXCELLENT
LM-000302,LK-0061,2026-09-08T08:34:00+08:00,53.51,1.00e-09,0.0001,28.9,64.0,EXCELLENT
LM-000303,LK-0061,2026-09-08T09:06:00+08:00,55.58,1.00e-09,0.0,40.9,64.0,EXCELLENT
LM-000304,LK-0061,2026-09-08T09:35:00+08:00,50.33,1.00e-09,0.0001,29.3,63.99,EXCELLENT
LM-000305,LK-0061,2026-09-08T10:12:00+08:00,52.29,1.00e-09,0.0001,35.3,64.0,EXCELLENT
LM-000306,LK-0062,2026-09-08T08:10:00+08:00,82.22,1.00e-09,0.0,41.5,4.8,EXCELLENT
LM-000307,LK-0062,2026-09-08T08:38:00+08:00,78.97,1.00e-09,0.0,30.8,4.8,EXCELLENT
LM-000308,LK-0062,2026-09-08T09:09:00+08:00,84.46,1.00e-09,0.0,33.3,4.8,EXCELLENT
LM-000309,LK-0062,2026-09-08T09:40:00+08:00,83.02,1.00e-09,0.0,38.1,4.8,EXCELLENT
LM-000310,LK-0062,2026-09-08T10:05:00+08:00,91.68,1.00e-09,0.0,31.9,4.8,EXCELLENT
LM-000311,LK-0063,2026-09-08T08:03:00+08:00,82.94,1.00e-09,0.0,41.6,64.0,EXCELLENT
LM-000312,LK-0063,2026-09-08T08:36:00+08:00,78.59,1.00e-09,0.0,34.2,64.0,EXCELLENT
LM-000313,LK-0063,2026-09-08T09:07:00+08:00,79.35,1.00e-09,0.0,35.4,64.0,EXCELLENT
LM-000314,LK-0063,2026-09-08T09:34:00+08:00,78.5,1.00e-09,0.0,32.0,64.0,EXCELLENT
LM-000315,LK-0063,2026-09-08T10:04:00+08:00,82.63,1.00e-09,0.0,39.4,64.0,EXCELLENT
LM-000316,LK-0064,2026-09-08T08:07:00+08:00,83.92,1.00e-09,0.0,37.8,4.8,EXCELLENT
LM-000317,LK-0064,2026-09-08T08:30:00+08:00,92.31,1.00e-09,0.0,29.4,4.8,EXCELLENT
LM-000318,LK-0064,2026-09-08T09:05:00+08:00,91.62,1.00e-09,0.0,31.4,4.8,EXCELLENT
LM-000319,LK-0064,2026-09-08T09:37:00+08:00,86.42,1.00e-09,0.0,34.0,4.8,EXCELLENT
LM-000320,LK-0064,2026-09-08T10:10:00+08:00,81.01,1.00e-09,0.0,31.6,4.8,EXCELLENT
LM-000321,LK-0065,2026-09-08T08:09:00+08:00,74.37,1.00e-09,0.0,34.4,4.8,EXCELLENT
LM-000322,LK-0065,2026-09-08T08:32:00+08:00,80.82,1.00e-09,0.0,40.3,4.8,EXCELLENT
LM-000323,LK-0065,2026-09-08T09:12:00+08:00,74.73,1.00e-09,0.0,34.9,4.8,EXCELLENT
LM-000324,LK-0065,2026-09-08T09:35:00+08:00,82.19,1.00e-09,0.0,32.7,4.8,EXCELLENT
LM-000325,LK-0065,2026-09-08T10:07:00+08:00,83.03,1.00e-09,0.0,36.0,4.8,EXCELLENT
LM-000326,LK-0066,2026-09-08T08:01:00+08:00,74.0,1.00e-09,0.0,35.4,4.8,EXCELLENT
LM-000327,LK-0066,2026-09-08T08:33:00+08:00,78.74,1.00e-09,0.0,41.1,4.8,EXCELLENT
LM-000328,LK-0066,2026-09-08T09:09:00+08:00,75.9,1.00e-09,0.0,34.6,4.8,EXCELLENT
LM-000329,LK-0066,2026-09-08T09:36:00+08:00,81.0,1.00e-09,0.0,40.8,4.8,EXCELLENT
LM-000330,LK-0066,2026-09-08T10:00:00+08:00,79.52,1.00e-09,0.0,29.5,4.8,EXCELLENT
LM-000331,LK-0067,2026-09-08T08:05:00+08:00,62.81,1.00e-09,0.0,39.7,64.0,EXCELLENT
LM-000332,LK-0067,2026-09-08T08:42:00+08:00,61.19,1.00e-09,0.0,33.5,64.0,EXCELLENT
LM-000333,LK-0067,2026-09-08T09:08:00+08:00,55.68,1.00e-09,0.0,40.3,64.0,EXCELLENT
LM-000334,LK-0067,2026-09-08T09:39:00+08:00,56.69,1.00e-09,0.0,36.6,64.0,EXCELLENT
LM-000335,LK-0067,2026-09-08T10:04:00+08:00,64.1,1.00e-09,0.0,40.0,64.0,EXCELLENT
LM-000336,LK-0068,2026-09-08T08:02:00+08:00,87.72,1.00e-09,0.0,33.4,64.0,EXCELLENT
LM-000337,LK-0068,2026-09-08T08:41:00+08:00,85.98,1.00e-09,0.0,30.9,64.0,EXCELLENT
LM-000338,LK-0068,2026-09-08T09:00:00+08:00,76.63,1.00e-09,0.0,28.8,64.0,EXCELLENT
LM-000339,LK-0068,2026-09-08T09:34:00+08:00,82.11,1.00e-09,0.0,36.2,64.0,EXCELLENT
LM-000340,LK-0068,2026-09-08T10:04:00+08:00,88.6,1.00e-09,0.0,38.0,64.0,EXCELLENT
LM-000341,LK-0069,2026-09-08T08:12:00+08:00,89.5,1.00e-09,0.0,34.3,64.0,EXCELLENT
LM-000342,LK-0069,2026-09-08T08:36:00+08:00,91.18,1.00e-09,0.0,36.2,64.0,EXCELLENT
LM-000343,LK-0069,2026-09-08T09:01:00+08:00,89.02,1.00e-09,0.0,30.9,64.0,EXCELLENT
LM-000344,LK-0069,2026-09-08T09:33:00+08:00,89.39,1.00e-09,0.0,32.9,64.0,EXCELLENT
LM-000345,LK-0069,2026-09-08T10:06:00+08:00,90.77,1.00e-09,0.0,34.1,64.0,EXCELLENT
LM-000346,LK-0070,2026-09-08T08:10:00+08:00,83.29,1.00e-09,0.0,41.6,64.0,EXCELLENT
LM-000347,LK-0070,2026-09-08T08:34:00+08:00,86.33,1.00e-09,0.0,33.9,64.0,EXCELLENT
LM-000348,LK-0070,2026-09-08T09:04:00+08:00,79.35,1.00e-09,0.0,34.0,64.0,EXCELLENT
LM-000349,LK-0070,2026-09-08T09:40:00+08:00,80.26,1.00e-09,0.0,29.7,64.0,EXCELLENT
LM-000350,LK-0070,2026-09-08T10:07:00+08:00,87.2,1.00e-09,0.0,31.8,64.0,EXCELLENT
LM-000351,LK-0071,2026-09-08T08:00:00+08:00,91.45,1.00e-09,0.0,38.8,64.0,EXCELLENT
LM-000352,LK-0071,2026-09-08T08:40:00+08:00,88.5,1.00e-09,0.0,41.9,64.0,EXCELLENT
LM-000353,LK-0071,2026-09-08T09:07:00+08:00,84.61,1.00e-09,0.0,35.1,64.0,EXCELLENT
LM-000354,LK-0071,2026-09-08T09:36:00+08:00,86.56,1.00e-09,0.0,38.9,64.0,EXCELLENT
LM-000355,LK-0071,2026-09-08T10:04:00+08:00,89.85,1.00e-09,0.0,29.1,64.0,EXCELLENT
LM-000356,LK-0072,2026-09-08T08:04:00+08:00,75.94,1.00e-09,0.0,31.4,4.8,EXCELLENT
LM-000357,LK-0072,2026-09-08T08:32:00+08:00,82.2,1.00e-09,0.0,38.4,4.8,EXCELLENT
LM-000358,LK-0072,2026-09-08T09:04:00+08:00,86.2,1.00e-09,0.0,33.4,4.8,EXCELLENT
LM-000359,LK-0072,2026-09-08T09:40:00+08:00,84.81,1.00e-09,0.0,41.4,4.8,EXCELLENT
LM-000360,LK-0072,2026-09-08T10:10:00+08:00,71.57,1.00e-09,0.0,30.5,4.8,EXCELLENT
LM-000361,LK-0073,2026-09-08T08:09:00+08:00,30.29,4.79e-09,0.0039,42.8,63.75,GOOD
LM-000362,LK-0073,2026-09-08T08:30:00+08:00,33.37,1.00e-09,0.0022,34.5,63.86,GOOD
LM-000363,LK-0073,2026-09-08T09:12:00+08:00,26.34,6.95e-08,0.0079,36.1,63.49,GOOD
LM-000364,LK-0073,2026-09-08T09:35:00+08:00,32.94,1.00e-09,0.0024,38.5,63.85,GOOD
LM-000365,LK-0073,2026-09-08T10:01:00+08:00,26.1,8.14e-08,0.0082,36.2,63.47,GOOD
LM-000366,LK-0074,2026-09-08T08:10:00+08:00,63.81,1.00e-09,0.0,38.6,64.0,EXCELLENT
LM-000367,LK-0074,2026-09-08T08:38:00+08:00,67.4,1.00e-09,0.0,32.5,64.0,EXCELLENT
LM-000368,LK-0074,2026-09-08T09:00:00+08:00,68.37,1.00e-09,0.0,30.5,64.0,EXCELLENT
LM-000369,LK-0074,2026-09-08T09:38:00+08:00,61.47,1.00e-09,0.0,36.9,64.0,EXCELLENT
LM-000370,LK-0074,2026-09-08T10:10:00+08:00,63.78,1.00e-09,0.0,40.4,64.0,EXCELLENT
LM-000371,LK-0075,2026-09-08T08:04:00+08:00,90.44,1.00e-09,0.0,30.8,4.8,EXCELLENT
LM-000372,LK-0075,2026-09-08T08:40:00+08:00,82.07,1.00e-09,0.0,38.4,4.8,EXCELLENT
LM-000373,LK-0075,2026-09-08T09:09:00+08:00,86.88,1.00e-09,0.0,31.0,4.8,EXCELLENT
LM-000374,LK-0075,2026-09-08T09:34:00+08:00,78.51,1.00e-09,0.0,40.2,4.8,EXCELLENT
LM-000375,LK-0075,2026-09-08T10:08:00+08:00,80.14,1.00e-09,0.0,36.1,4.8,EXCELLENT
LM-000376,LK-0076,2026-09-08T08:09:00+08:00,40.63,1.00e-09,0.0006,37.0,63.96,EXCELLENT
LM-000377,LK-0076,2026-09-08T08:31:00+08:00,42.22,1.00e-09,0.0004,40.1,63.97,EXCELLENT
LM-000378,LK-0076,2026-09-08T09:12:00+08:00,44.91,1.00e-09,0.0003,29.7,63.98,EXCELLENT
LM-000379,LK-0076,2026-09-08T09:38:00+08:00,40.3,1.00e-09,0.0006,35.0,63.96,EXCELLENT
LM-000380,LK-0076,2026-09-08T10:11:00+08:00,43.52,1.00e-09,0.0003,38.5,63.98,EXCELLENT
LM-000381,LK-0077,2026-09-08T08:10:00+08:00,30.06,5.59e-09,0.004,42.4,63.74,GOOD
LM-000382,LK-0077,2026-09-08T08:34:00+08:00,25.19,1.51e-07,0.0097,45.5,63.38,GOOD
LM-000383,LK-0077,2026-09-08T09:07:00+08:00,28.59,1.51e-08,0.0052,36.5,63.66,GOOD
LM-000384,LK-0077,2026-09-08T09:33:00+08:00,22.2,1.15e-06,0.0168,50.2,57.77,WARNING
LM-000385,LK-0077,2026-09-08T10:00:00+08:00,21.37,2.01e-06,0.0195,53.4,55.25,WARNING
LM-000386,LK-0078,2026-09-08T08:03:00+08:00,71.15,1.00e-09,0.0,34.7,64.0,EXCELLENT
LM-000387,LK-0078,2026-09-08T08:32:00+08:00,72.81,1.00e-09,0.0,35.0,64.0,EXCELLENT
LM-000388,LK-0078,2026-09-08T09:04:00+08:00,76.06,1.00e-09,0.0,36.1,64.0,EXCELLENT
LM-000389,LK-0078,2026-09-08T09:35:00+08:00,73.42,1.00e-09,0.0,32.4,64.0,EXCELLENT
LM-000390,LK-0078,2026-09-08T10:06:00+08:00,70.55,1.00e-09,0.0,40.4,64.0,EXCELLENT
LM-000391,LK-0079,2026-09-08T08:10:00+08:00,79.78,1.00e-09,0.0,39.3,64.0,EXCELLENT
LM-000392,LK-0079,2026-09-08T08:40:00+08:00,77.57,1.00e-09,0.0,36.0,64.0,EXCELLENT
LM-000393,LK-0079,2026-09-08T09:04:00+08:00,78.89,1.00e-09,0.0,35.8,64.0,EXCELLENT
LM-000394,LK-0079,2026-09-08T09:36:00+08:00,81.19,1.00e-09,0.0,38.7,64.0,EXCELLENT
LM-000395,LK-0079,2026-09-08T10:11:00+08:00,77.52,1.00e-09,0.0,40.6,64.0,EXCELLENT
LM-000396,LK-0080,2026-09-08T08:06:00+08:00,68.93,1.00e-09,0.0,32.8,64.0,EXCELLENT
LM-000397,LK-0080,2026-09-08T08:42:00+08:00,70.67,1.00e-09,0.0,30.6,64.0,EXCELLENT
LM-000398,LK-0080,2026-09-08T09:05:00+08:00,70.13,1.00e-09,0.0,29.6,64.0,EXCELLENT
LM-000399,LK-0080,2026-09-08T09:37:00+08:00,74.87,1.00e-09,0.0,30.4,64.0,EXCELLENT
LM-000400,LK-0080,2026-09-08T10:07:00+08:00,71.72,1.00e-09,0.0,34.2,64.0,EXCELLENT
LM-000401,LK-0081,2026-09-08T08:10:00+08:00,70.09,1.00e-09,0.0,38.7,4.8,EXCELLENT
LM-000402,LK-0081,2026-09-08T08:37:00+08:00,89.74,1.00e-09,0.0,30.5,4.8,EXCELLENT
LM-000403,LK-0081,2026-09-08T09:10:00+08:00,73.12,1.00e-09,0.0,30.9,4.8,EXCELLENT
LM-000404,LK-0081,2026-09-08T09:40:00+08:00,67.2,1.00e-09,0.0,30.7,4.8,EXCELLENT
LM-000405,LK-0081,2026-09-08T10:03:00+08:00,59.19,1.00e-09,0.0,30.6,4.8,EXCELLENT
LM-000406,LK-0082,2026-09-08T08:12:00+08:00,30.82,3.33e-09,0.0035,40.8,63.78,GOOD
LM-000407,LK-0082,2026-09-08T08:36:00+08:00,26.66,5.60e-08,0.0075,33.9,63.52,GOOD
LM-000408,LK-0082,2026-09-08T09:10:00+08:00,31.92,1.59e-09,0.0029,36.9,63.82,GOOD
LM-000409,LK-0082,2026-09-08T09:30:00+08:00,28.52,1.58e-08,0.0053,45.1,63.66,GOOD
LM-000410,LK-0082,2026-09-08T10:09:00+08:00,23.22,5.72e-07,0.0139,46.6,60.89,WARNING
LM-000411,LK-0083,2026-09-08T08:01:00+08:00,66.72,1.00e-09,0.0,38.0,64.0,EXCELLENT
LM-000412,LK-0083,2026-09-08T08:30:00+08:00,72.95,1.00e-09,0.0,37.4,64.0,EXCELLENT
LM-000413,LK-0083,2026-09-08T09:10:00+08:00,72.71,1.00e-09,0.0,35.4,64.0,EXCELLENT
LM-000414,LK-0083,2026-09-08T09:34:00+08:00,73.78,1.00e-09,0.0,40.5,64.0,EXCELLENT
LM-000415,LK-0083,2026-09-08T10:03:00+08:00,73.82,1.00e-09,0.0,29.5,64.0,EXCELLENT
LM-000416,LK-0084,2026-09-08T08:02:00+08:00,72.41,1.00e-09,0.0,29.4,64.0,EXCELLENT
LM-000417,LK-0084,2026-09-08T08:36:00+08:00,71.65,1.00e-09,0.0,32.9,64.0,EXCELLENT
LM-000418,LK-0084,2026-09-08T09:02:00+08:00,70.92,1.00e-09,0.0,38.9,64.0,EXCELLENT
LM-000419,LK-0084,2026-09-08T09:42:00+08:00,70.36,1.00e-09,0.0,37.9,64.0,EXCELLENT
LM-000420,LK-0084,2026-09-08T10:04:00+08:00,69.98,1.00e-09,0.0,32.5,64.0,EXCELLENT
LM-000421,LK-0085,2026-09-08T08:03:00+08:00,65.8,1.00e-09,0.0,38.3,64.0,EXCELLENT
LM-000422,LK-0085,2026-09-08T08:39:00+08:00,65.02,1.00e-09,0.0,30.8,64.0,EXCELLENT
LM-000423,LK-0085,2026-09-08T09:09:00+08:00,64.17,1.00e-09,0.0,42.2,64.0,EXCELLENT
LM-000424,LK-0085,2026-09-08T09:34:00+08:00,65.82,1.00e-09,0.0,38.5,64.0,EXCELLENT
LM-000425,LK-0085,2026-09-08T10:02:00+08:00,72.82,1.00e-09,0.0,32.4,64.0,EXCELLENT
LM-000426,LK-0086,2026-09-08T08:12:00+08:00,66.61,1.00e-09,0.0,41.1,4.8,EXCELLENT
LM-000427,LK-0086,2026-09-08T08:35:00+08:00,61.87,1.00e-09,0.0,35.3,4.8,EXCELLENT
LM-000428,LK-0086,2026-09-08T09:06:00+08:00,68.32,1.00e-09,0.0,31.1,4.8,EXCELLENT
LM-000429,LK-0086,2026-09-08T09:41:00+08:00,72.58,1.00e-09,0.0,37.2,4.8,EXCELLENT
LM-000430,LK-0086,2026-09-08T10:05:00+08:00,73.56,1.00e-09,0.0,42.4,4.8,EXCELLENT
LM-000431,LK-0087,2026-09-08T08:10:00+08:00,85.35,1.00e-09,0.0,42.9,64.0,EXCELLENT
LM-000432,LK-0087,2026-09-08T08:32:00+08:00,86.37,1.00e-09,0.0,29.3,64.0,EXCELLENT
LM-000433,LK-0087,2026-09-08T09:12:00+08:00,87.22,1.00e-09,0.0,35.2,64.0,EXCELLENT
LM-000434,LK-0087,2026-09-08T09:39:00+08:00,86.85,1.00e-09,0.0,31.4,64.0,EXCELLENT
LM-000435,LK-0087,2026-09-08T10:07:00+08:00,84.73,1.00e-09,0.0,30.1,64.0,EXCELLENT
LM-000436,LK-0088,2026-09-08T08:12:00+08:00,72.85,1.00e-09,0.0,39.8,4.8,EXCELLENT
LM-000437,LK-0088,2026-09-08T08:30:00+08:00,68.79,1.00e-09,0.0,42.4,4.8,EXCELLENT
LM-000438,LK-0088,2026-09-08T09:00:00+08:00,64.94,1.00e-09,0.0,38.1,4.8,EXCELLENT
LM-000439,LK-0088,2026-09-08T09:36:00+08:00,81.81,1.00e-09,0.0,33.3,4.8,EXCELLENT
LM-000440,LK-0088,2026-09-08T10:04:00+08:00,73.83,1.00e-09,0.0,40.2,4.8,EXCELLENT
LM-000441,LK-0089,2026-09-08T08:05:00+08:00,70.73,1.00e-09,0.0,31.1,64.0,EXCELLENT
LM-000442,LK-0089,2026-09-08T08:39:00+08:00,75.68,1.00e-09,0.0,36.4,64.0,EXCELLENT
LM-000443,LK-0089,2026-09-08T09:09:00+08:00,77.65,1.00e-09,0.0,37.9,64.0,EXCELLENT
LM-000444,LK-0089,2026-09-08T09:36:00+08:00,75.43,1.00e-09,0.0,32.6,64.0,EXCELLENT
LM-000445,LK-0089,2026-09-08T10:10:00+08:00,78.58,1.00e-09,0.0,36.0,64.0,EXCELLENT
LM-000446,LK-0090,2026-09-08T08:03:00+08:00,78.68,1.00e-09,0.0,39.2,64.0,EXCELLENT
LM-000447,LK-0090,2026-09-08T08:38:00+08:00,75.95,1.00e-09,0.0,40.6,64.0,EXCELLENT
LM-000448,LK-0090,2026-09-08T09:10:00+08:00,75.52,1.00e-09,0.0,32.5,64.0,EXCELLENT
LM-000449,LK-0090,2026-09-08T09:34:00+08:00,73.29,1.00e-09,0.0,36.1,64.0,EXCELLENT
LM-000450,LK-0090,2026-09-08T10:12:00+08:00,75.27,1.00e-09,0.0,41.2,64.0,EXCELLENT
LM-000451,LK-0091,2026-09-08T08:09:00+08:00,79.08,1.00e-09,0.0,37.7,4.8,EXCELLENT
LM-000452,LK-0091,2026-09-08T08:35:00+08:00,74.49,1.00e-09,0.0,33.4,4.8,EXCELLENT
LM-000453,LK-0091,2026-09-08T09:10:00+08:00,82.16,1.00e-09,0.0,37.4,4.8,EXCELLENT
LM-000454,LK-0091,2026-09-08T09:38:00+08:00,84.59,1.00e-09,0.0,34.6,4.8,EXCELLENT
LM-000455,LK-0091,2026-09-08T10:09:00+08:00,77.45,1.00e-09,0.0,35.2,4.8,EXCELLENT
LM-000456,LK-0092,2026-09-08T08:00:00+08:00,67.98,1.00e-09,0.0,40.7,64.0,EXCELLENT
LM-000457,LK-0092,2026-09-08T08:39:00+08:00,68.33,1.00e-09,0.0,37.9,64.0,EXCELLENT
LM-000458,LK-0092,2026-09-08T09:08:00+08:00,59.19,1.00e-09,0.0,37.4,64.0,EXCELLENT
LM-000459,LK-0092,2026-09-08T09:33:00+08:00,75.11,1.00e-09,0.0,42.4,64.0,EXCELLENT
LM-000460,LK-0092,2026-09-08T10:08:00+08:00,65.11,1.00e-09,0.0,39.2,64.0,EXCELLENT
LM-000461,LK-0093,2026-09-08T08:06:00+08:00,67.62,1.00e-09,0.0,38.3,64.0,EXCELLENT
LM-000462,LK-0093,2026-09-08T08:41:00+08:00,70.56,1.00e-09,0.0,29.9,64.0,EXCELLENT
LM-000463,LK-0093,2026-09-08T09:04:00+08:00,70.14,1.00e-09,0.0,42.9,64.0,EXCELLENT
LM-000464,LK-0093,2026-09-08T09:33:00+08:00,68.45,1.00e-09,0.0,34.7,64.0,EXCELLENT
LM-000465,LK-0093,2026-09-08T10:00:00+08:00,71.13,1.00e-09,0.0,31.1,64.0,EXCELLENT
LM-000466,LK-0094,2026-09-08T08:01:00+08:00,56.18,1.00e-09,0.0,30.3,4.8,EXCELLENT
LM-000467,LK-0094,2026-09-08T08:38:00+08:00,63.31,1.00e-09,0.0,36.8,4.8,EXCELLENT
LM-000468,LK-0094,2026-09-08T09:12:00+08:00,49.85,1.00e-09,0.0001,29.7,4.8,EXCELLENT
LM-000469,LK-0094,2026-09-08T09:40:00+08:00,51.27,1.00e-09,0.0001,42.3,4.8,EXCELLENT
LM-000470,LK-0094,2026-09-08T10:10:00+08:00,61.3,1.00e-09,0.0,33.0,4.8,EXCELLENT
LM-000471,LK-0095,2026-09-08T08:08:00+08:00,66.18,1.00e-09,0.0,30.2,4.8,EXCELLENT
LM-000472,LK-0095,2026-09-08T08:42:00+08:00,67.79,1.00e-09,0.0,36.1,4.8,EXCELLENT
LM-000473,LK-0095,2026-09-08T09:04:00+08:00,77.32,1.00e-09,0.0,38.6,4.8,EXCELLENT
LM-000474,LK-0095,2026-09-08T09:39:00+08:00,69.14,1.00e-09,0.0,42.7,4.8,EXCELLENT
LM-000475,LK-0095,2026-09-08T10:09:00+08:00,74.34,1.00e-09,0.0,42.0,4.8,EXCELLENT
LM-000476,LK-0096,2026-09-08T08:00:00+08:00,72.26,1.00e-09,0.0,31.0,4.8,EXCELLENT
LM-000477,LK-0096,2026-09-08T08:41:00+08:00,83.47,1.00e-09,0.0,29.9,4.8,EXCELLENT
LM-000478,LK-0096,2026-09-08T09:11:00+08:00,74.41,1.00e-09,0.0,31.7,4.8,EXCELLENT
LM-000479,LK-0096,2026-09-08T09:30:00+08:00,71.57,1.00e-09,0.0,37.6,4.8,EXCELLENT
LM-000480,LK-0096,2026-09-08T10:06:00+08:00,75.66,1.00e-09,0.0,33.5,4.8,EXCELLENT
LM-000481,LK-0097,2026-09-08T08:03:00+08:00,29.55,7.91e-09,0.0044,37.9,63.72,GOOD
LM-000482,LK-0097,2026-09-08T08:30:00+08:00,33.26,1.00e-09,0.0022,44.6,63.86,GOOD
LM-000483,LK-0097,2026-09-08T09:12:00+08:00,28.82,1.30e-08,0.005,45.8,63.68,GOOD
LM-000484,LK-0097,2026-09-08T09:38:00+08:00,29.57,7.79e-09,0.0044,42.7,63.72,GOOD
LM-000485,LK-0097,2026-09-08T10:03:00+08:00,35.66,1.00e-09,0.0015,35.6,63.91,EXCELLENT
LM-000486,LK-0098,2026-09-08T08:02:00+08:00,24.02,3.33e-07,0.012,50.6,63.23,WARNING
LM-000487,LK-0098,2026-09-08T08:33:00+08:00,24.28,2.80e-07,0.0115,46.5,63.26,WARNING
LM-000488,LK-0098,2026-09-08T09:12:00+08:00,23.97,3.45e-07,0.0121,48.6,63.14,WARNING
LM-000489,LK-0098,2026-09-08T09:40:00+08:00,27.46,3.24e-08,0.0064,35.5,63.59,GOOD
LM-000490,LK-0098,2026-09-08T10:12:00+08:00,25.93,9.18e-08,0.0085,42.7,63.46,GOOD
LM-000491,LK-0099,2026-09-08T08:07:00+08:00,57.64,1.00e-09,0.0,39.8,64.0,EXCELLENT
LM-000492,LK-0099,2026-09-08T08:36:00+08:00,55.65,1.00e-09,0.0,40.4,64.0,EXCELLENT
LM-000493,LK-0099,2026-09-08T09:02:00+08:00,47.14,1.00e-09,0.0002,37.7,63.99,EXCELLENT
LM-000494,LK-0099,2026-09-08T09:31:00+08:00,57.26,1.00e-09,0.0,34.8,64.0,EXCELLENT
LM-000495,LK-0099,2026-09-08T10:08:00+08:00,52.37,1.00e-09,0.0001,30.9,64.0,EXCELLENT
LM-000496,LK-0100,2026-09-08T08:04:00+08:00,60.96,1.00e-09,0.0,38.8,4.8,EXCELLENT
LM-000497,LK-0100,2026-09-08T08:36:00+08:00,49.53,1.00e-09,0.0001,29.6,4.8,EXCELLENT
LM-000498,LK-0100,2026-09-08T09:01:00+08:00,64.62,1.00e-09,0.0,41.8,4.8,EXCELLENT
LM-000499,LK-0100,2026-09-08T09:37:00+08:00,63.4,1.00e-09,0.0,42.0,4.8,EXCELLENT
LM-000500,LK-0100,2026-09-08T10:08:00+08:00,59.89,1.00e-09,0.0,41.9,4.8,EXCELLENT
LM-000501,LK-0101,2026-09-08T08:09:00+08:00,27.45,3.28e-08,0.0065,47.1,63.59,GOOD
LM-000502,LK-0101,2026-09-08T08:39:00+08:00,32.1,1.40e-09,0.0028,33.5,63.82,GOOD
LM-000503,LK-0101,2026-09-08T09:04:00+08:00,29.25,9.70e-09,0.0047,35.3,63.7,GOOD
LM-000504,LK-0101,2026-09-08T09:31:00+08:00,26.94,4.63e-08,0.0071,42.1,63.55,GOOD
LM-000505,LK-0101,2026-09-08T10:03:00+08:00,30.14,5.30e-09,0.004,40.8,63.75,GOOD
LM-000506,LK-0102,2026-09-08T08:01:00+08:00,64.55,1.00e-09,0.0,32.0,64.0,EXCELLENT
LM-000507,LK-0102,2026-09-08T08:39:00+08:00,62.99,1.00e-09,0.0,35.1,64.0,EXCELLENT
LM-000508,LK-0102,2026-09-08T09:06:00+08:00,63.2,1.00e-09,0.0,30.5,64.0,EXCELLENT
LM-000509,LK-0102,2026-09-08T09:42:00+08:00,67.53,1.00e-09,0.0,32.2,64.0,EXCELLENT
LM-000510,LK-0102,2026-09-08T10:02:00+08:00,61.52,1.00e-09,0.0,40.5,64.0,EXCELLENT
LM-000511,LK-0103,2026-09-08T08:02:00+08:00,77.21,1.00e-09,0.0,34.4,4.8,EXCELLENT
LM-000512,LK-0103,2026-09-08T08:42:00+08:00,80.46,1.00e-09,0.0,40.5,4.8,EXCELLENT
LM-000513,LK-0103,2026-09-08T09:01:00+08:00,79.32,1.00e-09,0.0,43.0,4.8,EXCELLENT
LM-000514,LK-0103,2026-09-08T09:36:00+08:00,71.94,1.00e-09,0.0,38.7,4.8,EXCELLENT
LM-000515,LK-0103,2026-09-08T10:10:00+08:00,83.01,1.00e-09,0.0,31.3,4.8,EXCELLENT
LM-000516,LK-0104,2026-09-08T08:08:00+08:00,81.2,1.00e-09,0.0,36.7,4.8,EXCELLENT
LM-000517,LK-0104,2026-09-08T08:41:00+08:00,64.14,1.00e-09,0.0,35.1,4.8,EXCELLENT
LM-000518,LK-0104,2026-09-08T09:10:00+08:00,83.27,1.00e-09,0.0,43.1,4.8,EXCELLENT
LM-000519,LK-0104,2026-09-08T09:36:00+08:00,76.21,1.00e-09,0.0,40.0,4.8,EXCELLENT
LM-000520,LK-0104,2026-09-08T10:09:00+08:00,72.64,1.00e-09,0.0,42.5,4.8,EXCELLENT
LM-000521,LK-0105,2026-09-08T08:10:00+08:00,73.75,1.00e-09,0.0,33.5,64.0,EXCELLENT
LM-000522,LK-0105,2026-09-08T08:31:00+08:00,72.89,1.00e-09,0.0,40.3,64.0,EXCELLENT
LM-000523,LK-0105,2026-09-08T09:01:00+08:00,72.47,1.00e-09,0.0,31.7,64.0,EXCELLENT
LM-000524,LK-0105,2026-09-08T09:36:00+08:00,76.81,1.00e-09,0.0,29.6,64.0,EXCELLENT
LM-000525,LK-0105,2026-09-08T10:07:00+08:00,73.91,1.00e-09,0.0,32.7,64.0,EXCELLENT
LM-000526,LK-0106,2026-09-08T08:11:00+08:00,80.44,1.00e-09,0.0,39.0,4.8,EXCELLENT
LM-000527,LK-0106,2026-09-08T08:32:00+08:00,64.5,1.00e-09,0.0,35.0,4.8,EXCELLENT
LM-000528,LK-0106,2026-09-08T09:01:00+08:00,86.69,1.00e-09,0.0,43.1,4.8,EXCELLENT
LM-000529,LK-0106,2026-09-08T09:40:00+08:00,76.02,1.00e-09,0.0,33.6,4.8,EXCELLENT
LM-000530,LK-0106,2026-09-08T10:03:00+08:00,78.92,1.00e-09,0.0,32.2,4.8,EXCELLENT
LM-000531,LK-0107,2026-09-08T08:12:00+08:00,54.42,1.00e-09,0.0,37.7,64.0,EXCELLENT
LM-000532,LK-0107,2026-09-08T08:39:00+08:00,58.22,1.00e-09,0.0,41.1,64.0,EXCELLENT
LM-000533,LK-0107,2026-09-08T09:08:00+08:00,55.2,1.00e-09,0.0,42.0,64.0,EXCELLENT
LM-000534,LK-0107,2026-09-08T09:38:00+08:00,56.39,1.00e-09,0.0,37.6,64.0,EXCELLENT
LM-000535,LK-0107,2026-09-08T10:12:00+08:00,51.73,1.00e-09,0.0001,39.8,64.0,EXCELLENT
LM-000536,LK-0108,2026-09-08T08:02:00+08:00,73.22,1.00e-09,0.0,29.9,64.0,EXCELLENT
LM-000537,LK-0108,2026-09-08T08:42:00+08:00,79.69,1.00e-09,0.0,36.2,64.0,EXCELLENT
LM-000538,LK-0108,2026-09-08T09:02:00+08:00,78.63,1.00e-09,0.0,42.0,64.0,EXCELLENT
LM-000539,LK-0108,2026-09-08T09:30:00+08:00,77.03,1.00e-09,0.0,42.2,64.0,EXCELLENT
LM-000540,LK-0108,2026-09-08T10:06:00+08:00,70.22,1.00e-09,0.0,39.3,64.0,EXCELLENT
LM-000541,LK-0109,2026-09-08T08:00:00+08:00,67.81,1.00e-09,0.0,30.3,4.8,EXCELLENT
LM-000542,LK-0109,2026-09-08T08:40:00+08:00,72.22,1.00e-09,0.0,31.9,4.8,EXCELLENT
LM-000543,LK-0109,2026-09-08T09:04:00+08:00,66.5,1.00e-09,0.0,43.1,4.8,EXCELLENT
LM-000544,LK-0109,2026-09-08T09:38:00+08:00,70.23,1.00e-09,0.0,33.1,4.8,EXCELLENT
LM-000545,LK-0109,2026-09-08T10:11:00+08:00,61.44,1.00e-09,0.0,35.5,4.8,EXCELLENT
LM-000546,LK-0110,2026-09-08T08:04:00+08:00,58.72,1.00e-09,0.0,37.5,4.8,EXCELLENT
LM-000547,LK-0110,2026-09-08T08:33:00+08:00,71.03,1.00e-09,0.0,31.7,4.8,EXCELLENT
LM-000548,LK-0110,2026-09-08T09:12:00+08:00,63.36,1.00e-09,0.0,35.3,4.8,EXCELLENT
LM-000549,LK-0110,2026-09-08T09:37:00+08:00,69.05,1.00e-09,0.0,33.0,4.8,EXCELLENT
LM-000550,LK-0110,2026-09-08T10:05:00+08:00,67.6,1.00e-09,0.0,41.3,4.8,EXCELLENT
LM-000551,LK-0111,2026-09-08T08:02:00+08:00,56.17,1.00e-09,0.0,32.3,4.8,EXCELLENT
LM-000552,LK-0111,2026-09-08T08:33:00+08:00,53.45,1.00e-09,0.0001,34.4,4.8,EXCELLENT
LM-000553,LK-0111,2026-09-08T09:04:00+08:00,54.05,1.00e-09,0.0001,36.3,4.8,EXCELLENT
LM-000554,LK-0111,2026-09-08T09:33:00+08:00,58.32,1.00e-09,0.0,34.6,4.8,EXCELLENT
LM-000555,LK-0111,2026-09-08T10:03:00+08:00,64.6,1.00e-09,0.0,33.0,4.8,EXCELLENT
LM-000556,LK-0112,2026-09-08T08:00:00+08:00,53.55,1.00e-09,0.0001,37.9,64.0,EXCELLENT
LM-000557,LK-0112,2026-09-08T08:39:00+08:00,51.96,1.00e-09,0.0001,34.0,64.0,EXCELLENT
LM-000558,LK-0112,2026-09-08T09:02:00+08:00,52.27,1.00e-09,0.0001,34.1,64.0,EXCELLENT
LM-000559,LK-0112,2026-09-08T09:34:00+08:00,48.39,1.00e-09,0.0001,31.0,63.99,EXCELLENT
LM-000560,LK-0112,2026-09-08T10:00:00+08:00,48.88,1.00e-09,0.0001,35.7,63.99,EXCELLENT
LM-000561,LK-0113,2026-09-08T08:02:00+08:00,78.56,1.00e-09,0.0,38.6,64.0,EXCELLENT
LM-000562,LK-0113,2026-09-08T08:34:00+08:00,83.42,1.00e-09,0.0,35.8,64.0,EXCELLENT
LM-000563,LK-0113,2026-09-08T09:07:00+08:00,85.14,1.00e-09,0.0,30.2,64.0,EXCELLENT
LM-000564,LK-0113,2026-09-08T09:33:00+08:00,82.08,1.00e-09,0.0,38.4,64.0,EXCELLENT
LM-000565,LK-0113,2026-09-08T10:02:00+08:00,82.24,1.00e-09,0.0,30.6,64.0,EXCELLENT
LM-000566,LK-0114,2026-09-08T08:02:00+08:00,67.01,1.00e-09,0.0,42.4,4.8,EXCELLENT
LM-000567,LK-0114,2026-09-08T08:34:00+08:00,68.06,1.00e-09,0.0,36.4,4.8,EXCELLENT
LM-000568,LK-0114,2026-09-08T09:09:00+08:00,73.71,1.00e-09,0.0,32.8,4.8,EXCELLENT
LM-000569,LK-0114,2026-09-08T09:37:00+08:00,79.06,1.00e-09,0.0,37.9,4.8,EXCELLENT
LM-000570,LK-0114,2026-09-08T10:00:00+08:00,79.99,1.00e-09,0.0,41.4,4.8,EXCELLENT
LM-000571,LK-0115,2026-09-08T08:01:00+08:00,25.53,1.20e-07,0.0091,42.6,63.41,GOOD
LM-000572,LK-0115,2026-09-08T08:38:00+08:00,28.57,1.53e-08,0.0053,45.2,63.66,GOOD
LM-000573,LK-0115,2026-09-08T09:12:00+08:00,26.81,5.06e-08,0.0073,38.7,63.54,GOOD
LM-000574,LK-0115,2026-09-08T09:40:00+08:00,21.24,2.20e-06,0.02,48.7,54.84,WARNING
LM-000575,LK-0115,2026-09-08T10:09:00+08:00,22.52,9.21e-07,0.0158,50.2,58.76,WARNING
LM-000576,LK-0116,2026-09-08T08:01:00+08:00,76.49,1.00e-09,0.0,36.6,64.0,EXCELLENT
LM-000577,LK-0116,2026-09-08T08:38:00+08:00,78.14,1.00e-09,0.0,30.2,64.0,EXCELLENT
LM-000578,LK-0116,2026-09-08T09:08:00+08:00,75.88,1.00e-09,0.0,30.5,64.0,EXCELLENT
LM-000579,LK-0116,2026-09-08T09:32:00+08:00,80.98,1.00e-09,0.0,35.3,64.0,EXCELLENT
LM-000580,LK-0116,2026-09-08T10:08:00+08:00,74.21,1.00e-09,0.0,42.7,64.0,EXCELLENT
LM-000581,LK-0117,2026-09-08T08:11:00+08:00,61.98,1.00e-09,0.0,40.4,64.0,EXCELLENT
LM-000582,LK-0117,2026-09-08T08:36:00+08:00,60.28,1.00e-09,0.0,40.8,64.0,EXCELLENT
LM-000583,LK-0117,2026-09-08T09:03:00+08:00,60.05,1.00e-09,0.0,29.8,64.0,EXCELLENT
LM-000584,LK-0117,2026-09-08T09:40:00+08:00,63.8,1.00e-09,0.0,36.6,64.0,EXCELLENT
LM-000585,LK-0117,2026-09-08T10:10:00+08:00,66.0,1.00e-09,0.0,35.9,64.0,EXCELLENT
LM-000586,LK-0118,2026-09-08T08:07:00+08:00,66.7,1.00e-09,0.0,38.3,64.0,EXCELLENT
LM-000587,LK-0118,2026-09-08T08:32:00+08:00,65.84,1.00e-09,0.0,41.2,64.0,EXCELLENT
LM-000588,LK-0118,2026-09-08T09:02:00+08:00,65.58,1.00e-09,0.0,34.1,64.0,EXCELLENT
LM-000589,LK-0118,2026-09-08T09:36:00+08:00,72.9,1.00e-09,0.0,41.8,64.0,EXCELLENT
LM-000590,LK-0118,2026-09-08T10:07:00+08:00,72.42,1.00e-09,0.0,32.1,64.0,EXCELLENT
LM-000591,LK-0119,2026-09-08T08:08:00+08:00,62.0,1.00e-09,0.0,36.3,64.0,EXCELLENT
LM-000592,LK-0119,2026-09-08T08:36:00+08:00,60.34,1.00e-09,0.0,34.4,64.0,EXCELLENT
LM-000593,LK-0119,2026-09-08T09:12:00+08:00,63.52,1.00e-09,0.0,35.2,64.0,EXCELLENT
LM-000594,LK-0119,2026-09-08T09:38:00+08:00,61.04,1.00e-09,0.0,42.7,64.0,EXCELLENT
LM-000595,LK-0119,2026-09-08T10:07:00+08:00,63.97,1.00e-09,0.0,38.1,64.0,EXCELLENT
LM-000596,LK-0120,2026-09-08T08:09:00+08:00,67.08,1.00e-09,0.0,37.4,4.8,EXCELLENT
LM-000597,LK-0120,2026-09-08T08:33:00+08:00,68.67,1.00e-09,0.0,39.5,4.8,EXCELLENT
LM-000598,LK-0120,2026-09-08T09:03:00+08:00,75.76,1.00e-09,0.0,36.9,4.8,EXCELLENT
LM-000599,LK-0120,2026-09-08T09:35:00+08:00,51.99,1.00e-09,0.0001,33.5,4.8,EXCELLENT
LM-000600,LK-0120,2026-09-08T10:12:00+08:00,69.79,1.00e-09,0.0,35.8,4.8,EXCELLENT
LM-000601,LK-0121,2026-09-08T08:08:00+08:00,80.4,1.00e-09,0.0,38.4,64.0,EXCELLENT
LM-000602,LK-0121,2026-09-08T08:39:00+08:00,74.98,1.00e-09,0.0,40.7,64.0,EXCELLENT
LM-000603,LK-0121,2026-09-08T09:03:00+08:00,76.96,1.00e-09,0.0,32.7,64.0,EXCELLENT
LM-000604,LK-0121,2026-09-08T09:40:00+08:00,72.84,1.00e-09,0.0,38.2,64.0,EXCELLENT
LM-000605,LK-0121,2026-09-08T10:02:00+08:00,80.24,1.00e-09,0.0,36.3,64.0,EXCELLENT
LM-000606,LK-0122,2026-09-08T08:01:00+08:00,78.84,1.00e-09,0.0,32.7,64.0,EXCELLENT
LM-000607,LK-0122,2026-09-08T08:35:00+08:00,76.56,1.00e-09,0.0,42.0,64.0,EXCELLENT
LM-000608,LK-0122,2026-09-08T09:12:00+08:00,76.52,1.00e-09,0.0,36.3,64.0,EXCELLENT
LM-000609,LK-0122,2026-09-08T09:40:00+08:00,87.26,1.00e-09,0.0,30.2,64.0,EXCELLENT
LM-000610,LK-0122,2026-09-08T10:04:00+08:00,82.56,1.00e-09,0.0,39.5,64.0,EXCELLENT
LM-000611,LK-0123,2026-09-08T08:01:00+08:00,74.78,1.00e-09,0.0,40.3,64.0,EXCELLENT
LM-000612,LK-0123,2026-09-08T08:40:00+08:00,80.17,1.00e-09,0.0,31.6,64.0,EXCELLENT
LM-000613,LK-0123,2026-09-08T09:09:00+08:00,80.81,1.00e-09,0.0,37.8,64.0,EXCELLENT
LM-000614,LK-0123,2026-09-08T09:41:00+08:00,74.05,1.00e-09,0.0,37.8,64.0,EXCELLENT
LM-000615,LK-0123,2026-09-08T10:11:00+08:00,76.11,1.00e-09,0.0,36.1,64.0,EXCELLENT
LM-000616,LK-0124,2026-09-08T08:06:00+08:00,70.87,1.00e-09,0.0,31.6,4.8,EXCELLENT
LM-000617,LK-0124,2026-09-08T08:37:00+08:00,77.37,1.00e-09,0.0,37.8,4.8,EXCELLENT
LM-000618,LK-0124,2026-09-08T09:12:00+08:00,70.88,1.00e-09,0.0,30.7,4.8,EXCELLENT
LM-000619,LK-0124,2026-09-08T09:34:00+08:00,77.18,1.00e-09,0.0,34.1,4.8,EXCELLENT
LM-000620,LK-0124,2026-09-08T10:05:00+08:00,70.88,1.00e-09,0.0,30.2,4.8,EXCELLENT
LM-000621,LK-0125,2026-09-08T08:07:00+08:00,76.01,1.00e-09,0.0,39.0,4.8,EXCELLENT
LM-000622,LK-0125,2026-09-08T08:30:00+08:00,56.91,1.00e-09,0.0,35.4,4.8,EXCELLENT
LM-000623,LK-0125,2026-09-08T09:09:00+08:00,60.95,1.00e-09,0.0,37.1,4.8,EXCELLENT
LM-000624,LK-0125,2026-09-08T09:31:00+08:00,64.25,1.00e-09,0.0,39.8,4.8,EXCELLENT
LM-000625,LK-0125,2026-09-08T10:00:00+08:00,73.5,1.00e-09,0.0,41.9,4.8,EXCELLENT
LM-000626,LK-0126,2026-09-08T08:03:00+08:00,21.16,2.32e-06,0.0203,42.6,54.6,WARNING
LM-000627,LK-0126,2026-09-08T08:32:00+08:00,24.94,1.79e-07,0.0102,48.5,63.35,WARNING
LM-000628,LK-0126,2026-09-08T09:07:00+08:00,20.74,3.08e-06,0.0219,53.8,53.32,WARNING
LM-000629,LK-0126,2026-09-08T09:30:00+08:00,21.48,1.86e-06,0.0191,55.7,55.59,WARNING
LM-000630,LK-0126,2026-09-08T10:07:00+08:00,22.15,1.19e-06,0.0169,41.7,57.61,WARNING
LM-000631,LK-0127,2026-09-08T08:00:00+08:00,59.67,1.00e-09,0.0,34.7,4.8,EXCELLENT
LM-000632,LK-0127,2026-09-08T08:42:00+08:00,64.79,1.00e-09,0.0,42.6,4.8,EXCELLENT
LM-000633,LK-0127,2026-09-08T09:02:00+08:00,63.05,1.00e-09,0.0,42.5,4.8,EXCELLENT
LM-000634,LK-0127,2026-09-08T09:32:00+08:00,78.94,1.00e-09,0.0,42.3,4.8,EXCELLENT
LM-000635,LK-0127,2026-09-08T10:04:00+08:00,72.61,1.00e-09,0.0,36.1,4.8,EXCELLENT
LM-000636,LK-0128,2026-09-08T08:02:00+08:00,66.52,1.00e-09,0.0,37.1,64.0,EXCELLENT
LM-000637,LK-0128,2026-09-08T08:34:00+08:00,62.25,1.00e-09,0.0,39.0,64.0,EXCELLENT
LM-000638,LK-0128,2026-09-08T09:08:00+08:00,64.11,1.00e-09,0.0,35.7,64.0,EXCELLENT
LM-000639,LK-0128,2026-09-08T09:35:00+08:00,61.39,1.00e-09,0.0,40.7,64.0,EXCELLENT
LM-000640,LK-0128,2026-09-08T10:11:00+08:00,63.61,1.00e-09,0.0,31.4,64.0,EXCELLENT
LM-000641,LK-0129,2026-09-08T08:04:00+08:00,26.25,7.39e-08,0.008,47.0,63.49,GOOD
LM-000642,LK-0129,2026-09-08T08:33:00+08:00,25.28,1.42e-07,0.0096,38.8,63.39,GOOD
LM-000643,LK-0129,2026-09-08T09:03:00+08:00,24.52,2.38e-07,0.011,38.4,63.3,WARNING
LM-000644,LK-0129,2026-09-08T09:41:00+08:00,22.6,8.75e-07,0.0156,46.6,58.98,WARNING
LM-000645,LK-0129,2026-09-08T10:09:00+08:00,25.8,1.00e-07,0.0087,36.1,63.44,GOOD
LM-000646,LK-0130,2026-09-08T08:02:00+08:00,67.01,1.00e-09,0.0,43.5,64.0,EXCELLENT
LM-000647,LK-0130,2026-09-08T08:31:00+08:00,67.7,1.00e-09,0.0,37.4,64.0,EXCELLENT
LM-000648,LK-0130,2026-09-08T09:07:00+08:00,66.85,1.00e-09,0.0,31.9,64.0,EXCELLENT
LM-000649,LK-0130,2026-09-08T09:32:00+08:00,67.7,1.00e-09,0.0,40.5,64.0,EXCELLENT
LM-000650,LK-0130,2026-09-08T10:10:00+08:00,64.2,1.00e-09,0.0,36.0,64.0,EXCELLENT
LM-000651,LK-0131,2026-09-08T08:12:00+08:00,63.29,1.00e-09,0.0,31.3,4.8,EXCELLENT
LM-000652,LK-0131,2026-09-08T08:37:00+08:00,60.96,1.00e-09,0.0,37.6,4.8,EXCELLENT
LM-000653,LK-0131,2026-09-08T09:10:00+08:00,64.53,1.00e-09,0.0,34.1,4.8,EXCELLENT
LM-000654,LK-0131,2026-09-08T09:34:00+08:00,61.5,1.00e-09,0.0,36.2,4.8,EXCELLENT
LM-000655,LK-0131,2026-09-08T10:07:00+08:00,57.24,1.00e-09,0.0,40.0,4.8,EXCELLENT
LM-000656,LK-0132,2026-09-08T08:08:00+08:00,22.85,7.37e-07,0.0149,46.2,59.75,WARNING
LM-000657,LK-0132,2026-09-08T08:38:00+08:00,15.57,1.02e-04,0.0559,70.0,37.27,FAULT
LM-000658,LK-0132,2026-09-08T09:02:00+08:00,23.28,5.53e-07,0.0138,45.6,61.04,WARNING
LM-000659,LK-0132,2026-09-08T09:36:00+08:00,25.48,1.24e-07,0.0092,43.5,63.41,GOOD
LM-000660,LK-0132,2026-09-08T10:09:00+08:00,20.47,3.69e-06,0.023,57.7,52.5,WARNING
LM-000661,LK-0133,2026-09-08T08:04:00+08:00,61.73,1.00e-09,0.0,38.1,64.0,EXCELLENT
LM-000662,LK-0133,2026-09-08T08:31:00+08:00,62.4,1.00e-09,0.0,42.0,64.0,EXCELLENT
LM-000663,LK-0133,2026-09-08T09:09:00+08:00,58.68,1.00e-09,0.0,33.4,64.0,EXCELLENT
LM-000664,LK-0133,2026-09-08T09:31:00+08:00,58.49,1.00e-09,0.0,39.9,64.0,EXCELLENT
LM-000665,LK-0133,2026-09-08T10:00:00+08:00,60.49,1.00e-09,0.0,42.5,64.0,EXCELLENT
LM-000666,LK-0134,2026-09-08T08:08:00+08:00,17.3,3.17e-05,0.0409,58.8,42.68,FAULT
LM-000667,LK-0134,2026-09-08T08:34:00+08:00,16.55,5.26e-05,0.0468,73.2,40.34,FAULT
LM-000668,LK-0134,2026-09-08T09:04:00+08:00,21.23,2.21e-06,0.02,43.7,54.82,WARNING
LM-000669,LK-0134,2026-09-08T09:38:00+08:00,13.69,3.64e-04,0.0787,87.2,31.34,FAULT
LM-000670,LK-0134,2026-09-08T10:11:00+08:00,22.81,7.59e-07,0.015,41.5,59.62,WARNING
LM-000671,LK-0135,2026-09-08T08:03:00+08:00,53.62,1.00e-09,0.0001,36.3,4.8,EXCELLENT
LM-000672,LK-0135,2026-09-08T08:40:00+08:00,44.77,1.00e-09,0.0003,35.4,4.8,EXCELLENT
LM-000673,LK-0135,2026-09-08T09:02:00+08:00,50.33,1.00e-09,0.0001,41.0,4.8,EXCELLENT
LM-000674,LK-0135,2026-09-08T09:40:00+08:00,47.83,1.00e-09,0.0002,33.2,4.8,EXCELLENT
LM-000675,LK-0135,2026-09-08T10:05:00+08:00,54.67,1.00e-09,0.0,38.9,4.8,EXCELLENT
LM-000676,LK-0136,2026-09-08T08:00:00+08:00,21.61,1.71e-06,0.0187,49.1,55.98,WARNING
LM-000677,LK-0136,2026-09-08T08:33:00+08:00,26.3,7.14e-08,0.008,40.9,63.49,GOOD
LM-000678,LK-0136,2026-09-08T09:04:00+08:00,19.9,5.44e-06,0.0255,52.9,50.74,WARNING
LM-000679,LK-0136,2026-09-08T09:36:00+08:00,23.76,3.99e-07,0.0126,41.0,62.49,WARNING
LM-000680,LK-0136,2026-09-08T10:09:00+08:00,19.53,6.96e-06,0.0272,58.4,49.62,WARNING
LM-000681,LK-0137,2026-09-08T08:02:00+08:00,16.61,5.03e-05,0.0463,72.0,40.55,FAULT
LM-000682,LK-0137,2026-09-08T08:32:00+08:00,16.46,5.60e-05,0.0476,65.6,40.05,FAULT
LM-000683,LK-0137,2026-09-08T09:05:00+08:00,21.19,2.27e-06,0.0201,49.1,54.7,WARNING
LM-000684,LK-0137,2026-09-08T09:31:00+08:00,15.6,1.00e-04,0.0557,76.4,37.35,FAULT
LM-000685,LK-0137,2026-09-08T10:04:00+08:00,14.25,2.49e-04,0.0711,87.1,33.11,FAULT
LM-000686,LK-0138,2026-09-08T08:08:00+08:00,60.65,1.00e-09,0.0,31.1,4.8,EXCELLENT
LM-000687,LK-0138,2026-09-08T08:31:00+08:00,60.01,1.00e-09,0.0,38.7,4.8,EXCELLENT
LM-000688,LK-0138,2026-09-08T09:04:00+08:00,67.97,1.00e-09,0.0,42.5,4.8,EXCELLENT
LM-000689,LK-0138,2026-09-08T09:42:00+08:00,64.48,1.00e-09,0.0,33.2,4.8,EXCELLENT
LM-000690,LK-0138,2026-09-08T10:07:00+08:00,71.64,1.00e-09,0.0,37.7,4.8,EXCELLENT
LM-000691,LK-0139,2026-09-08T08:10:00+08:00,63.91,1.00e-09,0.0,41.4,64.0,EXCELLENT
LM-000692,LK-0139,2026-09-08T08:38:00+08:00,66.36,1.00e-09,0.0,31.9,64.0,EXCELLENT
LM-000693,LK-0139,2026-09-08T09:01:00+08:00,60.95,1.00e-09,0.0,42.3,64.0,EXCELLENT
LM-000694,LK-0139,2026-09-08T09:40:00+08:00,69.91,1.00e-09,0.0,34.6,64.0,EXCELLENT
LM-000695,LK-0139,2026-09-08T10:11:00+08:00,70.57,1.00e-09,0.0,39.9,64.0,EXCELLENT
LM-000696,LK-0140,2026-09-08T08:02:00+08:00,45.65,1.00e-09,0.0002,39.3,63.98,EXCELLENT
LM-000697,LK-0140,2026-09-08T08:33:00+08:00,43.67,1.00e-09,0.0003,39.0,63.98,EXCELLENT
LM-000698,LK-0140,2026-09-08T09:10:00+08:00,42.27,1.00e-09,0.0004,39.6,63.97,EXCELLENT
LM-000699,LK-0140,2026-09-08T09:33:00+08:00,45.56,1.00e-09,0.0002,32.0,63.98,EXCELLENT
LM-000700,LK-0140,2026-09-08T10:09:00+08:00,44.4,1.00e-09,0.0003,31.5,63.98,EXCELLENT
LM-000701,LK-0141,2026-09-08T08:09:00+08:00,24.86,1.89e-07,0.0103,48.5,63.34,WARNING
LM-000702,LK-0141,2026-09-08T08:36:00+08:00,27.23,3.79e-08,0.0067,44.4,63.57,GOOD
LM-000703,LK-0141,2026-09-08T09:07:00+08:00,28.62,1.48e-08,0.0052,42.8,63.67,GOOD
LM-000704,LK-0141,2026-09-08T09:40:00+08:00,20.7,3.17e-06,0.022,53.5,53.19,WARNING
LM-000705,LK-0141,2026-09-08T10:01:00+08:00,26.69,5.48e-08,0.0074,41.7,63.53,GOOD
LM-000706,LK-0142,2026-09-08T08:06:00+08:00,49.33,1.00e-09,0.0001,40.7,63.99,EXCELLENT
LM-000707,LK-0142,2026-09-08T08:33:00+08:00,58.6,1.00e-09,0.0,33.3,64.0,EXCELLENT
LM-000708,LK-0142,2026-09-08T09:12:00+08:00,57.77,1.00e-09,0.0,44.2,64.0,EXCELLENT
LM-000709,LK-0142,2026-09-08T09:33:00+08:00,54.82,1.00e-09,0.0,34.2,64.0,EXCELLENT
LM-000710,LK-0142,2026-09-08T10:01:00+08:00,58.52,1.00e-09,0.0,41.8,64.0,EXCELLENT
LM-000711,LK-0143,2026-09-08T08:07:00+08:00,29.39,8.81e-09,0.0045,39.8,63.71,GOOD
LM-000712,LK-0143,2026-09-08T08:38:00+08:00,26.98,4.50e-08,0.007,35.8,63.55,GOOD
LM-000713,LK-0143,2026-09-08T09:12:00+08:00,27.77,2.64e-08,0.0061,47.1,63.61,GOOD
LM-000714,LK-0143,2026-09-08T09:35:00+08:00,25.96,8.99e-08,0.0085,41.5,63.46,GOOD
LM-000715,LK-0143,2026-09-08T10:10:00+08:00,24.56,2.32e-07,0.0109,47.6,63.3,WARNING
LM-000716,LK-0144,2026-09-08T08:01:00+08:00,14.57,2.00e-04,0.0671,86.0,34.13,FAULT
LM-000717,LK-0144,2026-09-08T08:32:00+08:00,15.01,1.50e-04,0.062,76.4,35.49,FAULT
LM-000718,LK-0144,2026-09-08T09:07:00+08:00,19.17,8.93e-06,0.0291,55.1,48.49,WARNING
LM-000719,LK-0144,2026-09-08T09:41:00+08:00,17.75,2.33e-05,0.0376,66.3,44.1,FAULT
LM-000720,LK-0144,2026-09-08T10:02:00+08:00,12.76,6.85e-04,0.0933,94.3,28.38,FAULT
LM-000721,LK-0145,2026-09-08T08:03:00+08:00,70.45,1.00e-09,0.0,31.5,4.8,EXCELLENT
LM-000722,LK-0145,2026-09-08T08:37:00+08:00,74.73,1.00e-09,0.0,33.2,4.8,EXCELLENT
LM-000723,LK-0145,2026-09-08T09:02:00+08:00,69.73,1.00e-09,0.0,39.5,4.8,EXCELLENT
LM-000724,LK-0145,2026-09-08T09:41:00+08:00,67.69,1.00e-09,0.0,32.4,4.8,EXCELLENT
LM-000725,LK-0145,2026-09-08T10:02:00+08:00,76.75,1.00e-09,0.0,34.4,4.8,EXCELLENT
LM-000726,LK-0146,2026-09-08T08:00:00+08:00,23.02,6.57e-07,0.0144,45.6,60.27,WARNING
LM-000727,LK-0146,2026-09-08T08:30:00+08:00,17.91,2.10e-05,0.0366,55.4,44.58,FAULT
LM-000728,LK-0146,2026-09-08T09:07:00+08:00,22.28,1.09e-06,0.0165,41.3,58.01,WARNING
LM-000729,LK-0146,2026-09-08T09:36:00+08:00,25.89,9.43e-08,0.0086,47.0,63.45,GOOD
LM-000730,LK-0146,2026-09-08T10:11:00+08:00,26.17,7.78e-08,0.0081,45.1,63.48,GOOD
LM-000731,LK-0147,2026-09-08T08:04:00+08:00,63.94,1.00e-09,0.0,40.0,4.8,EXCELLENT
LM-000732,LK-0147,2026-09-08T08:35:00+08:00,65.06,1.00e-09,0.0,31.2,4.8,EXCELLENT
LM-000733,LK-0147,2026-09-08T09:09:00+08:00,58.68,1.00e-09,0.0,37.1,4.8,EXCELLENT
LM-000734,LK-0147,2026-09-08T09:42:00+08:00,61.95,1.00e-09,0.0,42.0,4.8,EXCELLENT
LM-000735,LK-0147,2026-09-08T10:09:00+08:00,63.24,1.00e-09,0.0,37.1,4.8,EXCELLENT
LM-000736,LK-0148,2026-09-08T08:09:00+08:00,40.68,1.00e-09,0.0006,34.5,63.96,EXCELLENT
LM-000737,LK-0148,2026-09-08T08:32:00+08:00,42.56,1.00e-09,0.0004,32.2,63.97,EXCELLENT
LM-000738,LK-0148,2026-09-08T09:11:00+08:00,36.76,1.00e-09,0.0012,43.0,63.92,EXCELLENT
LM-000739,LK-0148,2026-09-08T09:39:00+08:00,46.35,1.00e-09,0.0002,40.7,63.99,EXCELLENT
LM-000740,LK-0148,2026-09-08T10:09:00+08:00,43.89,1.00e-09,0.0003,40.9,63.98,EXCELLENT
LM-000741,LK-0149,2026-09-08T08:06:00+08:00,48.39,1.00e-09,0.0001,37.6,4.8,EXCELLENT
LM-000742,LK-0149,2026-09-08T08:36:00+08:00,47.96,1.00e-09,0.0002,37.6,4.8,EXCELLENT
LM-000743,LK-0149,2026-09-08T09:04:00+08:00,38.97,1.00e-09,0.0008,34.3,4.8,EXCELLENT
LM-000744,LK-0149,2026-09-08T09:36:00+08:00,45.55,1.00e-09,0.0002,33.1,4.8,EXCELLENT
LM-000745,LK-0149,2026-09-08T10:03:00+08:00,51.33,1.00e-09,0.0001,36.0,4.8,EXCELLENT
LM-000746,LK-0150,2026-09-08T08:02:00+08:00,60.37,1.00e-09,0.0,31.7,64.0,EXCELLENT
LM-000747,LK-0150,2026-09-08T08:40:00+08:00,62.0,1.00e-09,0.0,31.1,64.0,EXCELLENT
LM-000748,LK-0150,2026-09-08T09:08:00+08:00,58.46,1.00e-09,0.0,40.5,64.0,EXCELLENT
LM-000749,LK-0150,2026-09-08T09:41:00+08:00,62.18,1.00e-09,0.0,35.4,64.0,EXCELLENT
LM-000750,LK-0150,2026-09-08T10:10:00+08:00,61.34,1.00e-09,0.0,33.8,64.0,EXCELLENT
LM-000751,LK-0151,2026-09-08T08:11:00+08:00,44.5,1.00e-09,0.0003,43.2,63.98,EXCELLENT
LM-000752,LK-0151,2026-09-08T08:34:00+08:00,52.8,1.00e-09,0.0001,36.0,64.0,EXCELLENT
LM-000753,LK-0151,2026-09-08T09:04:00+08:00,45.74,1.00e-09,0.0002,35.9,63.99,EXCELLENT
LM-000754,LK-0151,2026-09-08T09:38:00+08:00,46.69,1.00e-09,0.0002,41.5,63.99,EXCELLENT
LM-000755,LK-0151,2026-09-08T10:04:00+08:00,40.68,1.00e-09,0.0006,32.1,63.96,EXCELLENT
LM-000756,LK-0152,2026-09-08T08:11:00+08:00,59.99,1.00e-09,0.0,36.4,4.8,EXCELLENT
LM-000757,LK-0152,2026-09-08T08:31:00+08:00,62.95,1.00e-09,0.0,43.6,4.8,EXCELLENT
LM-000758,LK-0152,2026-09-08T09:02:00+08:00,64.7,1.00e-09,0.0,33.9,4.8,EXCELLENT
LM-000759,LK-0152,2026-09-08T09:36:00+08:00,58.76,1.00e-09,0.0,34.3,4.8,EXCELLENT
LM-000760,LK-0152,2026-09-08T10:00:00+08:00,67.54,1.00e-09,0.0,39.9,4.8,EXCELLENT
LM-000761,LK-0153,2026-09-08T08:04:00+08:00,61.34,1.00e-09,0.0,32.2,64.0,EXCELLENT
LM-000762,LK-0153,2026-09-08T08:33:00+08:00,54.58,1.00e-09,0.0,31.8,64.0,EXCELLENT
LM-000763,LK-0153,2026-09-08T09:04:00+08:00,64.18,1.00e-09,0.0,39.8,64.0,EXCELLENT
LM-000764,LK-0153,2026-09-08T09:30:00+08:00,58.75,1.00e-09,0.0,40.1,64.0,EXCELLENT
LM-000765,LK-0153,2026-09-08T10:00:00+08:00,60.78,1.00e-09,0.0,31.2,64.0,EXCELLENT
LM-000766,LK-0154,2026-09-08T08:10:00+08:00,64.78,1.00e-09,0.0,32.7,64.0,EXCELLENT
LM-000767,LK-0154,2026-09-08T08:35:00+08:00,69.25,1.00e-09,0.0,32.7,64.0,EXCELLENT
LM-000768,LK-0154,2026-09-08T09:01:00+08:00,65.82,1.00e-09,0.0,33.8,64.0,EXCELLENT
LM-000769,LK-0154,2026-09-08T09:42:00+08:00,68.21,1.00e-09,0.0,44.9,64.0,EXCELLENT
LM-000770,LK-0154,2026-09-08T10:08:00+08:00,66.96,1.00e-09,0.0,32.3,64.0,EXCELLENT
LM-000771,LK-0155,2026-09-08T08:09:00+08:00,66.11,1.00e-09,0.0,38.2,64.0,EXCELLENT
LM-000772,LK-0155,2026-09-08T08:41:00+08:00,72.85,1.00e-09,0.0,37.1,64.0,EXCELLENT
LM-000773,LK-0155,2026-09-08T09:05:00+08:00,66.6,1.00e-09,0.0,41.1,64.0,EXCELLENT
LM-000774,LK-0155,2026-09-08T09:38:00+08:00,71.1,1.00e-09,0.0,36.0,64.0,EXCELLENT
LM-000775,LK-0155,2026-09-08T10:04:00+08:00,71.59,1.00e-09,0.0,43.6,64.0,EXCELLENT
LM-000776,LK-0156,2026-09-08T08:06:00+08:00,71.44,1.00e-09,0.0,39.0,4.8,EXCELLENT
LM-000777,LK-0156,2026-09-08T08:32:00+08:00,59.72,1.00e-09,0.0,33.5,4.8,EXCELLENT
LM-000778,LK-0156,2026-09-08T09:08:00+08:00,59.66,1.00e-09,0.0,37.8,4.8,EXCELLENT
LM-000779,LK-0156,2026-09-08T09:37:00+08:00,66.88,1.00e-09,0.0,41.7,4.8,EXCELLENT
LM-000780,LK-0156,2026-09-08T10:02:00+08:00,61.09,1.00e-09,0.0,32.7,4.8,EXCELLENT
LM-000781,LK-0157,2026-09-08T08:04:00+08:00,23.27,5.56e-07,0.0138,45.7,61.01,WARNING
LM-000782,LK-0157,2026-09-08T08:42:00+08:00,23.49,4.77e-07,0.0132,45.6,61.7,WARNING
LM-000783,LK-0157,2026-09-08T09:04:00+08:00,28.63,1.47e-08,0.0052,36.6,63.67,GOOD
LM-000784,LK-0157,2026-09-08T09:30:00+08:00,27.69,2.77e-08,0.0062,36.0,63.6,GOOD
LM-000785,LK-0157,2026-09-08T10:07:00+08:00,24.9,1.83e-07,0.0103,40.2,63.34,WARNING
LM-000786,LK-0158,2026-09-08T08:10:00+08:00,66.95,1.00e-09,0.0,40.4,64.0,EXCELLENT
LM-000787,LK-0158,2026-09-08T08:31:00+08:00,70.13,1.00e-09,0.0,35.6,64.0,EXCELLENT
LM-000788,LK-0158,2026-09-08T09:04:00+08:00,66.2,1.00e-09,0.0,33.9,64.0,EXCELLENT
LM-000789,LK-0158,2026-09-08T09:38:00+08:00,68.61,1.00e-09,0.0,44.7,64.0,EXCELLENT
LM-000790,LK-0158,2026-09-08T10:09:00+08:00,73.15,1.00e-09,0.0,45.0,64.0,EXCELLENT
LM-000791,LK-0159,2026-09-08T08:02:00+08:00,47.9,1.00e-09,0.0002,36.7,4.8,EXCELLENT
LM-000792,LK-0159,2026-09-08T08:35:00+08:00,38.08,1.00e-09,0.0009,33.2,4.8,EXCELLENT
LM-000793,LK-0159,2026-09-08T09:05:00+08:00,35.63,1.00e-09,0.0015,38.1,4.79,EXCELLENT
LM-000794,LK-0159,2026-09-08T09:41:00+08:00,44.08,1.00e-09,0.0003,43.0,4.8,EXCELLENT
LM-000795,LK-0159,2026-09-08T10:07:00+08:00,45.9,1.00e-09,0.0002,33.0,4.8,EXCELLENT
LM-000796,LK-0160,2026-09-08T08:12:00+08:00,34.6,1.00e-09,0.0018,32.9,63.89,GOOD
LM-000797,LK-0160,2026-09-08T08:41:00+08:00,33.36,1.00e-09,0.0022,37.9,63.86,GOOD
LM-000798,LK-0160,2026-09-08T09:10:00+08:00,39.44,1.00e-09,0.0007,33.4,63.95,EXCELLENT
LM-000799,LK-0160,2026-09-08T09:40:00+08:00,29.33,9.17e-09,0.0046,39.1,63.71,GOOD
LM-000800,LK-0160,2026-09-08T10:09:00+08:00,31.31,2.39e-09,0.0032,42.6,63.8,GOOD
LM-000801,LK-0161,2026-09-08T08:00:00+08:00,21.6,1.72e-06,0.0187,51.8,55.94,WARNING
LM-000802,LK-0161,2026-09-08T08:33:00+08:00,22.0,1.31e-06,0.0174,47.8,57.16,WARNING
LM-000803,LK-0161,2026-09-08T09:01:00+08:00,24.51,2.39e-07,0.011,42.9,63.3,WARNING
LM-000804,LK-0161,2026-09-08T09:42:00+08:00,24.55,2.33e-07,0.0109,47.0,63.3,WARNING
LM-000805,LK-0161,2026-09-08T10:01:00+08:00,18.27,1.64e-05,0.0342,57.6,45.72,WARNING
LM-000806,LK-0162,2026-09-08T08:08:00+08:00,32.25,1.27e-09,0.0027,34.7,63.83,GOOD
LM-000807,LK-0162,2026-09-08T08:30:00+08:00,34.65,1.00e-09,0.0017,35.5,63.89,GOOD
LM-000808,LK-0162,2026-09-08T09:02:00+08:00,29.85,6.43e-09,0.0042,44.7,63.73,GOOD
LM-000809,LK-0162,2026-09-08T09:39:00+08:00,30.11,5.40e-09,0.004,45.6,63.75,GOOD
LM-000810,LK-0162,2026-09-08T10:02:00+08:00,30.82,3.34e-09,0.0035,34.9,63.78,GOOD
LM-000811,LK-0163,2026-09-08T08:12:00+08:00,62.56,1.00e-09,0.0,35.5,64.0,EXCELLENT
LM-000812,LK-0163,2026-09-08T08:31:00+08:00,60.51,1.00e-09,0.0,41.6,64.0,EXCELLENT
LM-000813,LK-0163,2026-09-08T09:12:00+08:00,63.22,1.00e-09,0.0,33.6,64.0,EXCELLENT
LM-000814,LK-0163,2026-09-08T09:41:00+08:00,63.16,1.00e-09,0.0,38.2,64.0,EXCELLENT
LM-000815,LK-0163,2026-09-08T10:00:00+08:00,60.19,1.00e-09,0.0,36.7,64.0,EXCELLENT
LM-000816,LK-0164,2026-09-08T08:08:00+08:00,28.26,1.89e-08,0.0056,38.0,63.64,GOOD
LM-000817,LK-0164,2026-09-08T08:31:00+08:00,30.69,3.64e-09,0.0036,44.9,63.77,GOOD
LM-000818,LK-0164,2026-09-08T09:07:00+08:00,26.65,5.61e-08,0.0075,45.8,63.52,GOOD
LM-000819,LK-0164,2026-09-08T09:42:00+08:00,29.16,1.03e-08,0.0047,47.2,63.7,GOOD
LM-000820,LK-0164,2026-09-08T10:05:00+08:00,26.66,5.57e-08,0.0074,48.5,63.52,GOOD
LM-000821,LK-0165,2026-09-08T08:08:00+08:00,69.41,1.00e-09,0.0,40.1,4.8,EXCELLENT
LM-000822,LK-0165,2026-09-08T08:41:00+08:00,68.63,1.00e-09,0.0,35.3,4.8,EXCELLENT
LM-000823,LK-0165,2026-09-08T09:07:00+08:00,65.57,1.00e-09,0.0,38.8,4.8,EXCELLENT
LM-000824,LK-0165,2026-09-08T09:33:00+08:00,71.02,1.00e-09,0.0,37.2,4.8,EXCELLENT
LM-000825,LK-0165,2026-09-08T10:02:00+08:00,76.18,1.00e-09,0.0,41.1,4.8,EXCELLENT
LM-000826,LK-0166,2026-09-08T08:06:00+08:00,73.71,1.00e-09,0.0,36.7,64.0,EXCELLENT
LM-000827,LK-0166,2026-09-08T08:38:00+08:00,72.17,1.00e-09,0.0,40.3,64.0,EXCELLENT
LM-000828,LK-0166,2026-09-08T09:01:00+08:00,75.0,1.00e-09,0.0,34.5,64.0,EXCELLENT
LM-000829,LK-0166,2026-09-08T09:35:00+08:00,80.04,1.00e-09,0.0,41.1,64.0,EXCELLENT
LM-000830,LK-0166,2026-09-08T10:09:00+08:00,78.88,1.00e-09,0.0,41.9,64.0,EXCELLENT
LM-000831,LK-0167,2026-09-08T08:05:00+08:00,50.31,1.00e-09,0.0001,37.5,63.99,EXCELLENT
LM-000832,LK-0167,2026-09-08T08:36:00+08:00,48.82,1.00e-09,0.0001,37.5,63.99,EXCELLENT
LM-000833,LK-0167,2026-09-08T09:09:00+08:00,48.05,1.00e-09,0.0002,36.8,63.99,EXCELLENT
LM-000834,LK-0167,2026-09-08T09:39:00+08:00,48.39,1.00e-09,0.0001,32.0,63.99,EXCELLENT
LM-000835,LK-0167,2026-09-08T10:08:00+08:00,48.43,1.00e-09,0.0001,31.6,63.99,EXCELLENT
LM-000836,LK-0168,2026-09-08T08:06:00+08:00,49.98,1.00e-09,0.0001,41.9,4.8,EXCELLENT
LM-000837,LK-0168,2026-09-08T08:31:00+08:00,54.57,1.00e-09,0.0,42.9,4.8,EXCELLENT
LM-000838,LK-0168,2026-09-08T09:00:00+08:00,46.19,1.00e-09,0.0002,40.1,4.8,EXCELLENT
LM-000839,LK-0168,2026-09-08T09:42:00+08:00,50.66,1.00e-09,0.0001,39.1,4.8,EXCELLENT
LM-000840,LK-0168,2026-09-08T10:02:00+08:00,54.48,1.00e-09,0.0,40.4,4.8,EXCELLENT
LM-000841,LK-0169,2026-09-08T08:00:00+08:00,65.47,1.00e-09,0.0,36.2,4.8,EXCELLENT
LM-000842,LK-0169,2026-09-08T08:37:00+08:00,58.3,1.00e-09,0.0,39.2,4.8,EXCELLENT
LM-000843,LK-0169,2026-09-08T09:08:00+08:00,53.27,1.00e-09,0.0001,34.9,4.8,EXCELLENT
LM-000844,LK-0169,2026-09-08T09:34:00+08:00,59.32,1.00e-09,0.0,38.0,4.8,EXCELLENT
LM-000845,LK-0169,2026-09-08T10:02:00+08:00,47.64,1.00e-09,0.0002,38.2,4.8,EXCELLENT
LM-000846,LK-0170,2026-09-08T08:09:00+08:00,50.27,1.00e-09,0.0001,45.4,63.99,EXCELLENT
LM-000847,LK-0170,2026-09-08T08:40:00+08:00,51.46,1.00e-09,0.0001,36.2,63.99,EXCELLENT
LM-000848,LK-0170,2026-09-08T09:01:00+08:00,52.99,1.00e-09,0.0001,43.4,64.0,EXCELLENT
LM-000849,LK-0170,2026-09-08T09:37:00+08:00,47.93,1.00e-09,0.0002,38.3,63.99,EXCELLENT
LM-000850,LK-0170,2026-09-08T10:06:00+08:00,48.42,1.00e-09,0.0001,36.3,63.99,EXCELLENT
LM-000851,LK-0171,2026-09-08T08:00:00+08:00,40.31,1.00e-09,0.0006,40.7,63.96,EXCELLENT
LM-000852,LK-0171,2026-09-08T08:33:00+08:00,32.78,1.00e-09,0.0024,35.7,63.84,GOOD
LM-000853,LK-0171,2026-09-08T09:06:00+08:00,38.41,1.00e-09,0.0009,35.9,63.94,EXCELLENT
LM-000854,LK-0171,2026-09-08T09:35:00+08:00,35.21,1.00e-09,0.0016,38.7,63.9,EXCELLENT
LM-000855,LK-0171,2026-09-08T10:09:00+08:00,46.16,1.00e-09,0.0002,38.1,63.99,EXCELLENT
LM-000856,LK-0172,2026-09-08T08:10:00+08:00,51.35,1.00e-09,0.0001,43.9,63.99,EXCELLENT
LM-000857,LK-0172,2026-09-08T08:37:00+08:00,56.47,1.00e-09,0.0,32.0,64.0,EXCELLENT
LM-000858,LK-0172,2026-09-08T09:06:00+08:00,54.81,1.00e-09,0.0,43.4,64.0,EXCELLENT
LM-000859,LK-0172,2026-09-08T09:33:00+08:00,53.77,1.00e-09,0.0001,40.5,64.0,EXCELLENT
LM-000860,LK-0172,2026-09-08T10:00:00+08:00,59.4,1.00e-09,0.0,44.6,64.0,EXCELLENT
LM-000861,LK-0173,2026-09-08T08:07:00+08:00,66.61,1.00e-09,0.0,41.3,64.0,EXCELLENT
LM-000862,LK-0173,2026-09-08T08:41:00+08:00,70.5,1.00e-09,0.0,39.9,64.0,EXCELLENT
LM-000863,LK-0173,2026-09-08T09:07:00+08:00,71.29,1.00e-09,0.0,41.3,64.0,EXCELLENT
LM-000864,LK-0173,2026-09-08T09:40:00+08:00,74.8,1.00e-09,0.0,43.9,64.0,EXCELLENT
LM-000865,LK-0173,2026-09-08T10:03:00+08:00,70.07,1.00e-09,0.0,38.9,64.0,EXCELLENT
LM-000866,LK-0174,2026-09-08T08:04:00+08:00,34.6,1.00e-09,0.0018,41.4,4.79,EXCELLENT
LM-000867,LK-0174,2026-09-08T08:32:00+08:00,39.35,1.00e-09,0.0007,46.0,4.8,EXCELLENT
LM-000868,LK-0174,2026-09-08T09:06:00+08:00,42.47,1.00e-09,0.0004,45.6,4.8,EXCELLENT
LM-000869,LK-0174,2026-09-08T09:32:00+08:00,48.04,1.00e-09,0.0002,44.6,4.8,EXCELLENT
LM-000870,LK-0174,2026-09-08T10:10:00+08:00,46.47,1.00e-09,0.0002,37.6,4.8,EXCELLENT
LM-000871,LK-0175,2026-09-08T08:04:00+08:00,63.25,1.00e-09,0.0,43.1,4.8,EXCELLENT
LM-000872,LK-0175,2026-09-08T08:31:00+08:00,68.03,1.00e-09,0.0,36.1,4.8,EXCELLENT
LM-000873,LK-0175,2026-09-08T09:11:00+08:00,61.77,1.00e-09,0.0,35.0,4.8,EXCELLENT
LM-000874,LK-0175,2026-09-08T09:34:00+08:00,68.33,1.00e-09,0.0,32.4,4.8,EXCELLENT
LM-000875,LK-0175,2026-09-08T10:01:00+08:00,62.69,1.00e-09,0.0,37.9,4.8,EXCELLENT
LM-000876,LK-0176,2026-09-08T08:06:00+08:00,50.97,1.00e-09,0.0001,32.7,4.8,EXCELLENT
LM-000877,LK-0176,2026-09-08T08:38:00+08:00,46.09,1.00e-09,0.0002,40.1,4.8,EXCELLENT
LM-000878,LK-0176,2026-09-08T09:03:00+08:00,46.77,1.00e-09,0.0002,37.1,4.8,EXCELLENT
LM-000879,LK-0176,2026-09-08T09:38:00+08:00,45.31,1.00e-09,0.0003,44.4,4.8,EXCELLENT
LM-000880,LK-0176,2026-09-08T10:07:00+08:00,53.17,1.00e-09,0.0001,42.9,4.8,EXCELLENT
LM-000881,LK-0177,2026-09-08T08:02:00+08:00,63.49,1.00e-09,0.0,32.8,64.0,EXCELLENT
LM-000882,LK-0177,2026-09-08T08:31:00+08:00,63.14,1.00e-09,0.0,33.0,64.0,EXCELLENT
LM-000883,LK-0177,2026-09-08T09:09:00+08:00,65.17,1.00e-09,0.0,39.8,64.0,EXCELLENT
LM-000884,LK-0177,2026-09-08T09:37:00+08:00,66.08,1.00e-09,0.0,43.3,64.0,EXCELLENT
LM-000885,LK-0177,2026-09-08T10:06:00+08:00,66.58,1.00e-09,0.0,45.8,64.0,EXCELLENT
LM-000886,LK-0178,2026-09-08T08:09:00+08:00,28.32,1.81e-08,0.0055,42.4,4.77,GOOD
LM-000887,LK-0178,2026-09-08T08:30:00+08:00,39.0,1.00e-09,0.0008,35.9,4.8,EXCELLENT
LM-000888,LK-0178,2026-09-08T09:02:00+08:00,34.57,1.00e-09,0.0018,37.9,4.79,EXCELLENT
LM-000889,LK-0178,2026-09-08T09:37:00+08:00,37.9,1.00e-09,0.001,39.3,4.8,EXCELLENT
LM-000890,LK-0178,2026-09-08T10:03:00+08:00,28.57,1.53e-08,0.0053,45.3,4.77,GOOD
LM-000891,LK-0179,2026-09-08T08:00:00+08:00,60.66,1.00e-09,0.0,42.0,64.0,EXCELLENT
LM-000892,LK-0179,2026-09-08T08:41:00+08:00,58.46,1.00e-09,0.0,40.8,64.0,EXCELLENT
LM-000893,LK-0179,2026-09-08T09:03:00+08:00,60.6,1.00e-09,0.0,33.3,64.0,EXCELLENT
LM-000894,LK-0179,2026-09-08T09:41:00+08:00,64.51,1.00e-09,0.0,45.3,64.0,EXCELLENT
LM-000895,LK-0179,2026-09-08T10:03:00+08:00,54.47,1.00e-09,0.0,40.8,64.0,EXCELLENT
LM-000896,LK-0180,2026-09-08T08:07:00+08:00,40.3,1.00e-09,0.0006,38.7,63.96,EXCELLENT
LM-000897,LK-0180,2026-09-08T08:41:00+08:00,41.89,1.00e-09,0.0005,36.5,63.97,EXCELLENT
LM-000898,LK-0180,2026-09-08T09:01:00+08:00,41.27,1.00e-09,0.0005,34.0,63.97,EXCELLENT
LM-000899,LK-0180,2026-09-08T09:37:00+08:00,41.56,1.00e-09,0.0005,36.7,63.97,EXCELLENT
LM-000900,LK-0180,2026-09-08T10:11:00+08:00,40.2,1.00e-09,0.0006,34.2,63.96,EXCELLENT
LM-000901,LK-0181,2026-09-08T08:08:00+08:00,40.45,1.00e-09,0.0006,40.5,4.8,EXCELLENT
LM-000902,LK-0181,2026-09-08T08:36:00+08:00,44.69,1.00e-09,0.0003,41.3,4.8,EXCELLENT
LM-000903,LK-0181,2026-09-08T09:09:00+08:00,47.8,1.00e-09,0.0002,38.6,4.8,EXCELLENT
LM-000904,LK-0181,2026-09-08T09:32:00+08:00,44.93,1.00e-09,0.0003,38.7,4.8,EXCELLENT
LM-000905,LK-0181,2026-09-08T10:01:00+08:00,46.31,1.00e-09,0.0002,32.9,4.8,EXCELLENT
LM-000906,LK-0182,2026-09-08T08:03:00+08:00,15.91,8.11e-05,0.0526,68.3,38.33,FAULT
LM-000907,LK-0182,2026-09-08T08:36:00+08:00,9.65,5.62e-03,0.1642,139.8,18.6,FAULT
LM-000908,LK-0182,2026-09-08T09:07:00+08:00,14.94,1.56e-04,0.0627,82.5,35.28,FAULT
LM-000909,LK-0182,2026-09-08T09:40:00+08:00,11.69,1.41e-03,0.1132,106.6,25.01,FAULT
LM-000910,LK-0182,2026-09-08T10:12:00+08:00,9.2,7.64e-03,0.1782,145.7,17.21,FAULT
LM-000911,LK-0183,2026-09-08T08:02:00+08:00,20.58,3.44e-06,0.0225,54.5,52.82,WARNING
LM-000912,LK-0183,2026-09-08T08:32:00+08:00,20.71,3.15e-06,0.022,58.7,53.23,WARNING
LM-000913,LK-0183,2026-09-08T09:02:00+08:00,21.26,2.16e-06,0.0199,51.7,54.91,WARNING
LM-000914,LK-0183,2026-09-08T09:39:00+08:00,20.49,3.64e-06,0.0229,52.0,52.57,WARNING
LM-000915,LK-0183,2026-09-08T10:07:00+08:00,24.78,2.00e-07,0.0105,42.6,63.33,WARNING
LM-000916,LK-0184,2026-09-08T08:08:00+08:00,55.28,1.00e-09,0.0,38.0,64.0,EXCELLENT
LM-000917,LK-0184,2026-09-08T08:30:00+08:00,49.91,1.00e-09,0.0001,36.2,63.99,EXCELLENT
LM-000918,LK-0184,2026-09-08T09:07:00+08:00,49.03,1.00e-09,0.0001,40.5,63.99,EXCELLENT
LM-000919,LK-0184,2026-09-08T09:39:00+08:00,51.19,1.00e-09,0.0001,42.3,63.99,EXCELLENT
LM-000920,LK-0184,2026-09-08T10:11:00+08:00,44.11,1.00e-09,0.0003,39.7,63.98,EXCELLENT
LM-000921,LK-0185,2026-09-08T08:12:00+08:00,57.2,1.00e-09,0.0,39.4,4.8,EXCELLENT
LM-000922,LK-0185,2026-09-08T08:37:00+08:00,63.15,1.00e-09,0.0,40.3,4.8,EXCELLENT
LM-000923,LK-0185,2026-09-08T09:02:00+08:00,53.19,1.00e-09,0.0001,45.6,4.8,EXCELLENT
LM-000924,LK-0185,2026-09-08T09:42:00+08:00,69.03,1.00e-09,0.0,42.5,4.8,EXCELLENT
LM-000925,LK-0185,2026-09-08T10:09:00+08:00,55.73,1.00e-09,0.0,43.7,4.8,EXCELLENT
LM-000926,LK-0186,2026-09-08T08:03:00+08:00,52.44,1.00e-09,0.0001,32.5,64.0,EXCELLENT
LM-000927,LK-0186,2026-09-08T08:39:00+08:00,47.94,1.00e-09,0.0002,43.3,63.99,EXCELLENT
LM-000928,LK-0186,2026-09-08T09:03:00+08:00,53.33,1.00e-09,0.0001,36.2,64.0,EXCELLENT
LM-000929,LK-0186,2026-09-08T09:41:00+08:00,51.52,1.00e-09,0.0001,41.4,63.99,EXCELLENT
LM-000930,LK-0186,2026-09-08T10:11:00+08:00,52.57,1.00e-09,0.0001,46.0,64.0,EXCELLENT
LM-000931,LK-0187,2026-09-08T08:06:00+08:00,28.36,1.77e-08,0.0055,47.7,63.65,GOOD
LM-000932,LK-0187,2026-09-08T08:40:00+08:00,26.45,6.43e-08,0.0077,43.0,63.5,GOOD
LM-000933,LK-0187,2026-09-08T09:04:00+08:00,25.36,1.35e-07,0.0094,40.9,63.4,GOOD
LM-000934,LK-0187,2026-09-08T09:37:00+08:00,23.41,5.05e-07,0.0135,49.1,61.44,WARNING
LM-000935,LK-0187,2026-09-08T10:11:00+08:00,27.94,2.34e-08,0.0059,47.1,63.62,GOOD
LM-000936,LK-0188,2026-09-08T08:02:00+08:00,38.14,1.00e-09,0.0009,45.6,63.94,EXCELLENT
LM-000937,LK-0188,2026-09-08T08:42:00+08:00,39.85,1.00e-09,0.0007,43.3,63.96,EXCELLENT
LM-000938,LK-0188,2026-09-08T09:08:00+08:00,36.26,1.00e-09,0.0013,41.5,63.92,EXCELLENT
LM-000939,LK-0188,2026-09-08T09:30:00+08:00,34.49,1.00e-09,0.0018,39.9,63.89,GOOD
LM-000940,LK-0188,2026-09-08T10:06:00+08:00,36.22,1.00e-09,0.0013,40.3,63.92,EXCELLENT
LM-000941,LK-0189,2026-09-08T08:05:00+08:00,28.14,2.05e-08,0.0057,48.4,63.64,GOOD
LM-000942,LK-0189,2026-09-08T08:38:00+08:00,35.94,1.00e-09,0.0014,38.3,63.91,EXCELLENT
LM-000943,LK-0189,2026-09-08T09:06:00+08:00,28.84,1.28e-08,0.005,41.1,63.68,GOOD
LM-000944,LK-0189,2026-09-08T09:38:00+08:00,30.15,5.25e-09,0.0039,35.6,63.75,GOOD
LM-000945,LK-0189,2026-09-08T10:02:00+08:00,30.46,4.26e-09,0.0037,39.1,63.76,GOOD
LM-000946,LK-0190,2026-09-08T08:04:00+08:00,30.95,3.06e-09,0.0034,44.0,63.78,GOOD
LM-000947,LK-0190,2026-09-08T08:42:00+08:00,33.75,1.00e-09,0.0021,39.9,63.87,GOOD
LM-000948,LK-0190,2026-09-08T09:12:00+08:00,26.53,6.08e-08,0.0076,50.4,63.51,GOOD
LM-000949,LK-0190,2026-09-08T09:30:00+08:00,33.94,1.00e-09,0.002,34.3,63.87,GOOD
LM-000950,LK-0190,2026-09-08T10:12:00+08:00,29.43,8.58e-09,0.0045,41.2,63.71,GOOD
LM-000951,LK-0191,2026-09-08T08:12:00+08:00,62.03,1.00e-09,0.0,36.3,4.8,EXCELLENT
LM-000952,LK-0191,2026-09-08T08:42:00+08:00,62.01,1.00e-09,0.0,32.7,4.8,EXCELLENT
LM-000953,LK-0191,2026-09-08T09:04:00+08:00,71.12,1.00e-09,0.0,43.1,4.8,EXCELLENT
LM-000954,LK-0191,2026-09-08T09:41:00+08:00,66.69,1.00e-09,0.0,34.9,4.8,EXCELLENT
LM-000955,LK-0191,2026-09-08T10:10:00+08:00,55.04,1.00e-09,0.0,43.8,4.8,EXCELLENT
LM-000956,LK-0192,2026-09-08T08:10:00+08:00,20.17,4.52e-06,0.0242,57.4,51.58,WARNING
LM-000957,LK-0192,2026-09-08T08:39:00+08:00,25.89,9.41e-08,0.0086,39.8,63.45,GOOD
LM-000958,LK-0192,2026-09-08T09:10:00+08:00,26.18,7.71e-08,0.0081,40.8,63.48,GOOD
LM-000959,LK-0192,2026-09-08T09:40:00+08:00,26.55,6.01e-08,0.0076,37.9,63.51,GOOD
LM-000960,LK-0192,2026-09-08T10:11:00+08:00,23.37,5.20e-07,0.0136,53.6,61.31,WARNING
LM-000961,LK-0193,2026-09-08T08:11:00+08:00,55.07,1.00e-09,0.0,39.3,4.8,EXCELLENT
LM-000962,LK-0193,2026-09-08T08:40:00+08:00,49.18,1.00e-09,0.0001,41.0,4.8,EXCELLENT
LM-000963,LK-0193,2026-09-08T09:11:00+08:00,52.85,1.00e-09,0.0001,45.8,4.8,EXCELLENT
LM-000964,LK-0193,2026-09-08T09:41:00+08:00,48.77,1.00e-09,0.0001,41.2,4.8,EXCELLENT
LM-000965,LK-0193,2026-09-08T10:06:00+08:00,55.46,1.00e-09,0.0,38.6,4.8,EXCELLENT
LM-000966,LK-0194,2026-09-08T08:06:00+08:00,10.6,2.95e-03,0.138,125.4,21.57,FAULT
LM-000967,LK-0194,2026-09-08T08:38:00+08:00,9.91,4.73e-03,0.1567,132.9,19.4,FAULT
LM-000968,LK-0194,2026-09-08T09:08:00+08:00,11.68,1.42e-03,0.1134,108.8,24.98,FAULT
LM-000969,LK-0194,2026-09-08T09:36:00+08:00,8.95,9.04e-03,0.1865,153.2,16.44,FAULT
LM-000970,LK-0194,2026-09-08T10:03:00+08:00,10.36,3.48e-03,0.1443,131.8,20.81,FAULT
LM-000971,LK-0195,2026-09-08T08:09:00+08:00,27.24,3.78e-08,0.0067,50.5,63.57,GOOD
LM-000972,LK-0195,2026-09-08T08:30:00+08:00,35.76,1.00e-09,0.0014,41.1,63.91,EXCELLENT
LM-000973,LK-0195,2026-09-08T09:02:00+08:00,32.13,1.38e-09,0.0028,35.1,63.82,GOOD
LM-000974,LK-0195,2026-09-08T09:34:00+08:00,31.03,2.90e-09,0.0034,36.4,63.78,GOOD
LM-000975,LK-0195,2026-09-08T10:06:00+08:00,32.1,1.41e-09,0.0028,38.0,63.82,GOOD
LM-000976,LK-0196,2026-09-08T08:07:00+08:00,26.92,4.68e-08,0.0071,45.8,63.55,GOOD
LM-000977,LK-0196,2026-09-08T08:37:00+08:00,28.29,1.86e-08,0.0055,43.8,63.65,GOOD
LM-000978,LK-0196,2026-09-08T09:02:00+08:00,21.15,2.34e-06,0.0203,53.0,54.57,WARNING
LM-000979,LK-0196,2026-09-08T09:34:00+08:00,23.24,5.66e-07,0.0139,41.7,60.94,WARNING
LM-000980,LK-0196,2026-09-08T10:07:00+08:00,27.35,3.49e-08,0.0066,49.4,63.58,GOOD
LM-000981,LK-0197,2026-09-08T08:08:00+08:00,39.94,1.00e-09,0.0007,44.9,63.96,EXCELLENT
LM-000982,LK-0197,2026-09-08T08:38:00+08:00,43.37,1.00e-09,0.0004,32.8,63.98,EXCELLENT
LM-000983,LK-0197,2026-09-08T09:04:00+08:00,37.84,1.00e-09,0.001,39.2,63.94,EXCELLENT
LM-000984,LK-0197,2026-09-08T09:40:00+08:00,38.35,1.00e-09,0.0009,35.1,63.94,EXCELLENT
LM-000985,LK-0197,2026-09-08T10:12:00+08:00,37.55,1.00e-09,0.001,35.1,63.93,EXCELLENT
LM-000986,LK-0198,2026-09-08T08:01:00+08:00,16.38,5.89e-05,0.0483,74.0,39.82,FAULT
LM-000987,LK-0198,2026-09-08T08:41:00+08:00,16.1,7.13e-05,0.0508,68.5,38.93,FAULT
LM-000988,LK-0198,2026-09-08T09:08:00+08:00,20.69,3.19e-06,0.0221,52.8,53.16,WARNING
LM-000989,LK-0198,2026-09-08T09:32:00+08:00,19.05,9.68e-06,0.0297,55.4,48.12,WARNING
LM-000990,LK-0198,2026-09-08T10:06:00+08:00,19.8,5.80e-06,0.0259,51.4,50.45,WARNING
LM-000991,LK-0199,2026-09-08T08:02:00+08:00,65.97,1.00e-09,0.0,44.2,64.0,EXCELLENT
LM-000992,LK-0199,2026-09-08T08:30:00+08:00,61.26,1.00e-09,0.0,42.5,64.0,EXCELLENT
LM-000993,LK-0199,2026-09-08T09:01:00+08:00,60.44,1.00e-09,0.0,36.2,64.0,EXCELLENT
LM-000994,LK-0199,2026-09-08T09:32:00+08:00,67.21,1.00e-09,0.0,34.0,64.0,EXCELLENT
LM-000995,LK-0199,2026-09-08T10:03:00+08:00,61.82,1.00e-09,0.0,39.3,64.0,EXCELLENT
LM-000996,LK-0200,2026-09-08T08:07:00+08:00,78.45,1.00e-09,0.0,36.5,64.0,EXCELLENT
LM-000997,LK-0200,2026-09-08T08:33:00+08:00,77.9,1.00e-09,0.0,45.1,64.0,EXCELLENT
LM-000998,LK-0200,2026-09-08T09:02:00+08:00,73.75,1.00e-09,0.0,33.8,64.0,EXCELLENT
LM-000999,LK-0200,2026-09-08T09:33:00+08:00,72.7,1.00e-09,0.0,34.7,64.0,EXCELLENT
LM-001000,LK-0200,2026-09-08T10:01:00+08:00,73.61,1.00e-09,0.0,38.0,64.0,EXCELLENT
LM-001001,LK-0201,2026-09-08T08:08:00+08:00,54.4,1.00e-09,0.0,34.8,4.8,EXCELLENT
LM-001002,LK-0201,2026-09-08T08:36:00+08:00,60.18,1.00e-09,0.0,37.2,4.8,EXCELLENT
LM-001003,LK-0201,2026-09-08T09:07:00+08:00,61.09,1.00e-09,0.0,40.1,4.8,EXCELLENT
LM-001004,LK-0201,2026-09-08T09:41:00+08:00,55.19,1.00e-09,0.0,42.1,4.8,EXCELLENT
LM-001005,LK-0201,2026-09-08T10:01:00+08:00,61.71,1.00e-09,0.0,43.5,4.8,EXCELLENT
LM-001006,LK-0202,2026-09-08T08:12:00+08:00,47.16,1.00e-09,0.0002,37.6,4.8,EXCELLENT
LM-001007,LK-0202,2026-09-08T08:38:00+08:00,41.67,1.00e-09,0.0005,38.6,4.8,EXCELLENT
LM-001008,LK-0202,2026-09-08T09:08:00+08:00,42.98,1.00e-09,0.0004,46.5,4.8,EXCELLENT
LM-001009,LK-0202,2026-09-08T09:37:00+08:00,43.26,1.00e-09,0.0004,35.0,4.8,EXCELLENT
LM-001010,LK-0202,2026-09-08T10:02:00+08:00,43.3,1.00e-09,0.0004,34.0,4.8,EXCELLENT
LM-001011,LK-0203,2026-09-08T08:11:00+08:00,28.99,1.16e-08,0.0049,43.3,63.69,GOOD
LM-001012,LK-0203,2026-09-08T08:40:00+08:00,31.51,2.10e-09,0.0031,39.1,63.8,GOOD
LM-001013,LK-0203,2026-09-08T09:03:00+08:00,26.64,5.67e-08,0.0075,37.8,63.52,GOOD
LM-001014,LK-0203,2026-09-08T09:39:00+08:00,33.45,1.00e-09,0.0022,43.7,63.86,GOOD
LM-001015,LK-0203,2026-09-08T10:03:00+08:00,32.51,1.07e-09,0.0026,40.1,63.84,GOOD
LM-001016,LK-0204,2026-09-08T08:04:00+08:00,33.73,1.00e-09,0.0021,46.5,63.87,GOOD
LM-001017,LK-0204,2026-09-08T08:39:00+08:00,37.88,1.00e-09,0.001,42.6,63.94,EXCELLENT
LM-001018,LK-0204,2026-09-08T09:11:00+08:00,40.46,1.00e-09,0.0006,34.1,63.96,EXCELLENT
LM-001019,LK-0204,2026-09-08T09:36:00+08:00,37.94,1.00e-09,0.001,38.8,63.94,EXCELLENT
LM-001020,LK-0204,2026-09-08T10:00:00+08:00,44.3,1.00e-09,0.0003,43.7,63.98,EXCELLENT
LM-001021,LK-0205,2026-09-08T08:02:00+08:00,58.92,1.00e-09,0.0,40.1,64.0,EXCELLENT
LM-001022,LK-0205,2026-09-08T08:33:00+08:00,54.15,1.00e-09,0.0001,44.8,64.0,EXCELLENT
LM-001023,LK-0205,2026-09-08T09:00:00+08:00,56.28,1.00e-09,0.0,46.3,64.0,EXCELLENT
LM-001024,LK-0205,2026-09-08T09:30:00+08:00,57.6,1.00e-09,0.0,41.5,64.0,EXCELLENT
LM-001025,LK-0205,2026-09-08T10:09:00+08:00,58.36,1.00e-09,0.0,45.1,64.0,EXCELLENT
LM-001026,LK-0206,2026-09-08T08:05:00+08:00,37.86,1.00e-09,0.001,40.5,63.94,EXCELLENT
LM-001027,LK-0206,2026-09-08T08:30:00+08:00,34.57,1.00e-09,0.0018,39.0,63.89,GOOD
LM-001028,LK-0206,2026-09-08T09:02:00+08:00,37.51,1.00e-09,0.001,37.5,63.93,EXCELLENT
LM-001029,LK-0206,2026-09-08T09:36:00+08:00,39.42,1.00e-09,0.0007,38.3,63.95,EXCELLENT
LM-001030,LK-0206,2026-09-08T10:04:00+08:00,36.01,1.00e-09,0.0014,45.6,63.91,EXCELLENT
LM-001031,LK-0207,2026-09-08T08:00:00+08:00,27.62,2.92e-08,0.0063,48.5,63.6,GOOD
LM-001032,LK-0207,2026-09-08T08:39:00+08:00,20.11,4.71e-06,0.0245,53.4,51.4,WARNING
LM-001033,LK-0207,2026-09-08T09:07:00+08:00,19.38,7.71e-06,0.028,61.5,49.16,WARNING
LM-001034,LK-0207,2026-09-08T09:32:00+08:00,21.57,1.75e-06,0.0188,55.4,55.86,WARNING
LM-001035,LK-0207,2026-09-08T10:02:00+08:00,23.42,5.00e-07,0.0134,47.1,61.49,WARNING
LM-001036,LK-0208,2026-09-08T08:09:00+08:00,45.62,1.00e-09,0.0002,33.6,63.98,EXCELLENT
LM-001037,LK-0208,2026-09-08T08:37:00+08:00,57.6,1.00e-09,0.0,38.2,64.0,EXCELLENT
LM-001038,LK-0208,2026-09-08T09:04:00+08:00,43.75,1.00e-09,0.0003,34.9,63.98,EXCELLENT
LM-001039,LK-0208,2026-09-08T09:42:00+08:00,44.78,1.00e-09,0.0003,33.5,63.98,EXCELLENT
LM-001040,LK-0208,2026-09-08T10:11:00+08:00,48.35,1.00e-09,0.0001,41.4,63.99,EXCELLENT
LM-001041,LK-0209,2026-09-08T08:03:00+08:00,30.22,5.03e-09,0.0039,35.5,63.75,GOOD
LM-001042,LK-0209,2026-09-08T08:41:00+08:00,24.23,2.90e-07,0.0116,43.8,63.26,WARNING
LM-001043,LK-0209,2026-09-08T09:12:00+08:00,27.98,2.29e-08,0.0059,41.5,63.62,GOOD
LM-001044,LK-0209,2026-09-08T09:32:00+08:00,28.35,1.78e-08,0.0055,47.8,63.65,GOOD
LM-001045,LK-0209,2026-09-08T10:09:00+08:00,20.84,2.87e-06,0.0214,51.1,53.64,WARNING
LM-001046,LK-0210,2026-09-08T08:07:00+08:00,23.8,3.87e-07,0.0125,44.5,62.63,WARNING
LM-001047,LK-0210,2026-09-08T08:41:00+08:00,31.26,2.47e-09,0.0032,49.0,63.79,GOOD
LM-001048,LK-0210,2026-09-08T09:03:00+08:00,21.23,2.20e-06,0.02,58.7,54.83,WARNING
LM-001049,LK-0210,2026-09-08T09:38:00+08:00,21.46,1.88e-06,0.0192,51.1,55.54,WARNING
LM-001050,LK-0210,2026-09-08T10:10:00+08:00,26.7,5.45e-08,0.0074,46.0,63.53,GOOD
LM-001051,LK-0211,2026-09-08T08:11:00+08:00,53.98,1.00e-09,0.0001,45.4,4.8,EXCELLENT
LM-001052,LK-0211,2026-09-08T08:31:00+08:00,47.05,1.00e-09,0.0002,34.6,4.8,EXCELLENT
LM-001053,LK-0211,2026-09-08T09:04:00+08:00,45.7,1.00e-09,0.0002,34.5,4.8,EXCELLENT
LM-001054,LK-0211,2026-09-08T09:40:00+08:00,44.14,1.00e-09,0.0003,35.9,4.8,EXCELLENT
LM-001055,LK-0211,2026-09-08T10:08:00+08:00,42.16,1.00e-09,0.0004,45.5,4.8,EXCELLENT
LM-001056,LK-0212,2026-09-08T08:04:00+08:00,30.0,5.82e-09,0.0041,47.9,4.78,EXCELLENT
LM-001057,LK-0212,2026-09-08T08:42:00+08:00,29.08,1.09e-08,0.0048,45.4,4.78,GOOD
LM-001058,LK-0212,2026-09-08T09:01:00+08:00,31.93,1.58e-09,0.0029,43.9,4.79,EXCELLENT
LM-001059,LK-0212,2026-09-08T09:40:00+08:00,31.72,1.82e-09,0.003,44.8,4.79,EXCELLENT
LM-001060,LK-0212,2026-09-08T10:05:00+08:00,21.54,1.79e-06,0.0189,46.0,4.18,GOOD
LM-001061,LK-0213,2026-09-08T08:05:00+08:00,41.61,1.00e-09,0.0005,38.0,4.8,EXCELLENT
LM-001062,LK-0213,2026-09-08T08:41:00+08:00,50.76,1.00e-09,0.0001,40.5,4.8,EXCELLENT
LM-001063,LK-0213,2026-09-08T09:09:00+08:00,59.7,1.00e-09,0.0,45.0,4.8,EXCELLENT
LM-001064,LK-0213,2026-09-08T09:32:00+08:00,52.85,1.00e-09,0.0001,44.0,4.8,EXCELLENT
LM-001065,LK-0213,2026-09-08T10:02:00+08:00,47.7,1.00e-09,0.0002,43.8,4.8,EXCELLENT
LM-001066,LK-0214,2026-09-08T08:02:00+08:00,50.92,1.00e-09,0.0001,46.4,63.99,EXCELLENT
LM-001067,LK-0214,2026-09-08T08:34:00+08:00,51.06,1.00e-09,0.0001,45.8,63.99,EXCELLENT
LM-001068,LK-0214,2026-09-08T09:11:00+08:00,47.01,1.00e-09,0.0002,45.6,63.99,EXCELLENT
LM-001069,LK-0214,2026-09-08T09:42:00+08:00,48.25,1.00e-09,0.0001,36.0,63.99,EXCELLENT
LM-001070,LK-0214,2026-09-08T10:08:00+08:00,47.49,1.00e-09,0.0002,41.6,63.99,EXCELLENT
LM-001071,LK-0215,2026-09-08T08:12:00+08:00,53.12,1.00e-09,0.0001,36.7,64.0,EXCELLENT
LM-001072,LK-0215,2026-09-08T08:40:00+08:00,59.82,1.00e-09,0.0,38.7,64.0,EXCELLENT
LM-001073,LK-0215,2026-09-08T09:10:00+08:00,51.78,1.00e-09,0.0001,37.9,64.0,EXCELLENT
LM-001074,LK-0215,2026-09-08T09:36:00+08:00,57.74,1.00e-09,0.0,36.3,64.0,EXCELLENT
LM-001075,LK-0215,2026-09-08T10:11:00+08:00,53.85,1.00e-09,0.0001,37.7,64.0,EXCELLENT
LM-001076,LK-0216,2026-09-08T08:09:00+08:00,40.26,1.00e-09,0.0006,42.4,63.96,EXCELLENT
LM-001077,LK-0216,2026-09-08T08:33:00+08:00,39.84,1.00e-09,0.0007,40.1,63.96,EXCELLENT
LM-001078,LK-0216,2026-09-08T09:04:00+08:00,38.5,1.00e-09,0.0009,41.3,63.94,EXCELLENT
LM-001079,LK-0216,2026-09-08T09:34:00+08:00,37.89,1.00e-09,0.001,35.6,63.94,EXCELLENT
LM-001080,LK-0216,2026-09-08T10:09:00+08:00,42.97,1.00e-09,0.0004,39.2,63.98,EXCELLENT
LM-001081,LK-0217,2026-09-08T08:00:00+08:00,52.23,1.00e-09,0.0001,46.1,4.8,EXCELLENT
LM-001082,LK-0217,2026-09-08T08:33:00+08:00,55.04,1.00e-09,0.0,45.3,4.8,EXCELLENT
LM-001083,LK-0217,2026-09-08T09:06:00+08:00,52.95,1.00e-09,0.0001,42.7,4.8,EXCELLENT
LM-001084,LK-0217,2026-09-08T09:42:00+08:00,52.74,1.00e-09,0.0001,46.0,4.8,EXCELLENT
LM-001085,LK-0217,2026-09-08T10:01:00+08:00,54.16,1.00e-09,0.0001,37.8,4.8,EXCELLENT
LM-001086,LK-0218,2026-09-08T08:04:00+08:00,54.33,1.00e-09,0.0,34.9,4.8,EXCELLENT
LM-001087,LK-0218,2026-09-08T08:38:00+08:00,47.61,1.00e-09,0.0002,38.2,4.8,EXCELLENT
LM-001088,LK-0218,2026-09-08T09:10:00+08:00,63.97,1.00e-09,0.0,43.5,4.8,EXCELLENT
LM-001089,LK-0218,2026-09-08T09:35:00+08:00,53.75,1.00e-09,0.0001,47.1,4.8,EXCELLENT
LM-001090,LK-0218,2026-09-08T10:00:00+08:00,61.55,1.00e-09,0.0,37.9,4.8,EXCELLENT
LM-001091,LK-0219,2026-09-08T08:09:00+08:00,53.78,1.00e-09,0.0001,35.6,64.0,EXCELLENT
LM-001092,LK-0219,2026-09-08T08:32:00+08:00,53.3,1.00e-09,0.0001,34.4,64.0,EXCELLENT
LM-001093,LK-0219,2026-09-08T09:12:00+08:00,49.82,1.00e-09,0.0001,35.7,63.99,EXCELLENT
LM-001094,LK-0219,2026-09-08T09:40:00+08:00,59.21,1.00e-09,0.0,46.4,64.0,EXCELLENT
LM-001095,LK-0219,2026-09-08T10:10:00+08:00,49.0,1.00e-09,0.0001,34.1,63.99,EXCELLENT
LM-001096,LK-0220,2026-09-08T08:08:00+08:00,60.26,1.00e-09,0.0,44.6,4.8,EXCELLENT
LM-001097,LK-0220,2026-09-08T08:42:00+08:00,61.63,1.00e-09,0.0,33.6,4.8,EXCELLENT
LM-001098,LK-0220,2026-09-08T09:11:00+08:00,49.17,1.00e-09,0.0001,38.4,4.8,EXCELLENT
LM-001099,LK-0220,2026-09-08T09:38:00+08:00,54.48,1.00e-09,0.0,44.7,4.8,EXCELLENT
LM-001100,LK-0220,2026-09-08T10:08:00+08:00,61.09,1.00e-09,0.0,42.1,4.8,EXCELLENT
LM-001101,LK-0221,2026-09-08T08:05:00+08:00,42.08,1.00e-09,0.0005,46.4,63.97,EXCELLENT
LM-001102,LK-0221,2026-09-08T08:41:00+08:00,40.41,1.00e-09,0.0006,47.0,63.96,EXCELLENT
LM-001103,LK-0221,2026-09-08T09:07:00+08:00,38.08,1.00e-09,0.0009,37.7,63.94,EXCELLENT
LM-001104,LK-0221,2026-09-08T09:33:00+08:00,41.92,1.00e-09,0.0005,44.0,63.97,EXCELLENT
LM-001105,LK-0221,2026-09-08T10:09:00+08:00,34.6,1.00e-09,0.0018,40.2,63.89,GOOD
LM-001106,LK-0222,2026-09-08T08:00:00+08:00,37.54,1.00e-09,0.001,34.2,63.93,EXCELLENT
LM-001107,LK-0222,2026-09-08T08:31:00+08:00,42.23,1.00e-09,0.0004,37.3,63.97,EXCELLENT
LM-001108,LK-0222,2026-09-08T09:06:00+08:00,42.9,1.00e-09,0.0004,40.0,63.98,EXCELLENT
LM-001109,LK-0222,2026-09-08T09:32:00+08:00,39.87,1.00e-09,0.0007,35.2,63.96,EXCELLENT
LM-001110,LK-0222,2026-09-08T10:04:00+08:00,40.04,1.00e-09,0.0007,35.0,63.96,EXCELLENT
LM-001111,LK-0223,2026-09-08T08:02:00+08:00,31.99,1.51e-09,0.0028,42.4,4.79,EXCELLENT
LM-001112,LK-0223,2026-09-08T08:35:00+08:00,31.03,2.91e-09,0.0034,41.1,4.78,EXCELLENT
LM-001113,LK-0223,2026-09-08T09:12:00+08:00,37.97,1.00e-09,0.001,36.4,4.8,EXCELLENT
LM-001114,LK-0223,2026-09-08T09:30:00+08:00,34.83,1.00e-09,0.0017,45.1,4.79,EXCELLENT
LM-001115,LK-0223,2026-09-08T10:02:00+08:00,30.77,3.45e-09,0.0035,37.1,4.78,EXCELLENT
LM-001116,LK-0224,2026-09-08T08:06:00+08:00,50.0,1.00e-09,0.0001,38.9,4.8,EXCELLENT
LM-001117,LK-0224,2026-09-08T08:32:00+08:00,47.5,1.00e-09,0.0002,33.7,4.8,EXCELLENT
LM-001118,LK-0224,2026-09-08T09:07:00+08:00,49.54,1.00e-09,0.0001,41.3,4.8,EXCELLENT
LM-001119,LK-0224,2026-09-08T09:30:00+08:00,56.63,1.00e-09,0.0,47.3,4.8,EXCELLENT
LM-001120,LK-0224,2026-09-08T10:09:00+08:00,48.39,1.00e-09,0.0001,43.0,4.8,EXCELLENT
LM-001121,LK-0225,2026-09-08T08:06:00+08:00,34.46,1.00e-09,0.0018,45.9,63.88,GOOD
LM-001122,LK-0225,2026-09-08T08:32:00+08:00,36.61,1.00e-09,0.0012,45.4,63.92,EXCELLENT
LM-001123,LK-0225,2026-09-08T09:04:00+08:00,41.55,1.00e-09,0.0005,45.7,63.97,EXCELLENT
LM-001124,LK-0225,2026-09-08T09:32:00+08:00,35.92,1.00e-09,0.0014,37.6,63.91,EXCELLENT
LM-001125,LK-0225,2026-09-08T10:06:00+08:00,34.35,1.00e-09,0.0018,38.3,63.88,GOOD
LM-001126,LK-0226,2026-09-08T08:10:00+08:00,25.0,1.72e-07,0.0101,48.9,63.35,WARNING
LM-001127,LK-0226,2026-09-08T08:30:00+08:00,26.61,5.77e-08,0.0075,39.4,63.52,GOOD
LM-001128,LK-0226,2026-09-08T09:10:00+08:00,23.44,4.93e-07,0.0134,44.2,61.55,WARNING
LM-001129,LK-0226,2026-09-08T09:42:00+08:00,27.15,4.02e-08,0.0068,46.5,63.56,GOOD
LM-001130,LK-0226,2026-09-08T10:00:00+08:00,24.18,2.99e-07,0.0117,50.1,63.25,WARNING
LM-001131,LK-0227,2026-09-08T08:02:00+08:00,51.82,1.00e-09,0.0001,39.3,4.8,EXCELLENT
LM-001132,LK-0227,2026-09-08T08:33:00+08:00,53.86,1.00e-09,0.0001,35.1,4.8,EXCELLENT
LM-001133,LK-0227,2026-09-08T09:12:00+08:00,45.27,1.00e-09,0.0003,41.0,4.8,EXCELLENT
LM-001134,LK-0227,2026-09-08T09:36:00+08:00,44.05,1.00e-09,0.0003,42.9,4.8,EXCELLENT
LM-001135,LK-0227,2026-09-08T10:01:00+08:00,55.37,1.00e-09,0.0,42.7,4.8,EXCELLENT
LM-001136,LK-0228,2026-09-08T08:12:00+08:00,43.05,1.00e-09,0.0004,41.2,63.98,EXCELLENT
LM-001137,LK-0228,2026-09-08T08:30:00+08:00,45.81,1.00e-09,0.0002,44.9,63.99,EXCELLENT
LM-001138,LK-0228,2026-09-08T09:11:00+08:00,41.87,1.00e-09,0.0005,43.5,63.97,EXCELLENT
LM-001139,LK-0228,2026-09-08T09:35:00+08:00,39.79,1.00e-09,0.0007,36.1,63.96,EXCELLENT
LM-001140,LK-0228,2026-09-08T10:08:00+08:00,44.44,1.00e-09,0.0003,39.1,63.98,EXCELLENT
LM-001141,LK-0229,2026-09-08T08:09:00+08:00,27.14,4.03e-08,0.0068,41.5,63.56,GOOD
LM-001142,LK-0229,2026-09-08T08:35:00+08:00,29.5,8.17e-09,0.0044,47.2,63.72,GOOD
LM-001143,LK-0229,2026-09-08T09:03:00+08:00,28.2,1.97e-08,0.0056,40.3,63.64,GOOD
LM-001144,LK-0229,2026-09-08T09:36:00+08:00,31.7,1.84e-09,0.003,38.4,63.81,GOOD
LM-001145,LK-0229,2026-09-08T10:09:00+08:00,28.05,2.19e-08,0.0058,45.6,63.63,GOOD
LM-001146,LK-0230,2026-09-08T08:07:00+08:00,13.37,4.53e-04,0.0835,92.9,2.27,WARNING
LM-001147,LK-0230,2026-09-08T08:34:00+08:00,36.05,1.00e-09,0.0014,41.7,4.79,EXCELLENT
LM-001148,LK-0230,2026-09-08T09:11:00+08:00,32.5,1.07e-09,0.0026,42.5,4.79,EXCELLENT
LM-001149,LK-0230,2026-09-08T09:37:00+08:00,27.21,3.84e-08,0.0067,42.2,4.77,GOOD
LM-001150,LK-0230,2026-09-08T10:09:00+08:00,33.18,1.00e-09,0.0023,44.9,4.79,EXCELLENT
LM-001151,LK-0231,2026-09-08T08:01:00+08:00,45.86,1.00e-09,0.0002,43.6,63.99,EXCELLENT
LM-001152,LK-0231,2026-09-08T08:31:00+08:00,40.02,1.00e-09,0.0007,42.8,63.96,EXCELLENT
LM-001153,LK-0231,2026-09-08T09:09:00+08:00,45.21,1.00e-09,0.0003,38.8,63.98,EXCELLENT
LM-001154,LK-0231,2026-09-08T09:34:00+08:00,43.77,1.00e-09,0.0003,47.5,63.98,EXCELLENT
LM-001155,LK-0231,2026-09-08T10:07:00+08:00,45.63,1.00e-09,0.0002,45.7,63.98,EXCELLENT
LM-001156,LK-0232,2026-09-08T08:06:00+08:00,16.75,4.57e-05,0.0451,75.9,3.07,WARNING
LM-001157,LK-0232,2026-09-08T08:39:00+08:00,23.02,6.59e-07,0.0144,45.5,4.52,GOOD
LM-001158,LK-0232,2026-09-08T09:06:00+08:00,28.52,1.59e-08,0.0053,45.3,4.77,GOOD
LM-001159,LK-0232,2026-09-08T09:32:00+08:00,25.58,1.16e-07,0.0091,52.8,4.76,GOOD
LM-001160,LK-0232,2026-09-08T10:11:00+08:00,24.57,2.31e-07,0.0109,51.4,4.75,GOOD
LM-001161,LK-0233,2026-09-08T08:04:00+08:00,58.14,1.00e-09,0.0,38.4,64.0,EXCELLENT
LM-001162,LK-0233,2026-09-08T08:32:00+08:00,53.62,1.00e-09,0.0001,35.3,64.0,EXCELLENT
LM-001163,LK-0233,2026-09-08T09:11:00+08:00,55.67,1.00e-09,0.0,39.2,64.0,EXCELLENT
LM-001164,LK-0233,2026-09-08T09:34:00+08:00,53.33,1.00e-09,0.0001,38.8,64.0,EXCELLENT
LM-001165,LK-0233,2026-09-08T10:08:00+08:00,51.87,1.00e-09,0.0001,40.5,64.0,EXCELLENT
LM-001166,LK-0234,2026-09-08T08:05:00+08:00,56.24,1.00e-09,0.0,47.3,4.8,EXCELLENT
LM-001167,LK-0234,2026-09-08T08:37:00+08:00,68.11,1.00e-09,0.0,47.1,4.8,EXCELLENT
LM-001168,LK-0234,2026-09-08T09:01:00+08:00,70.99,1.00e-09,0.0,46.1,4.8,EXCELLENT
LM-001169,LK-0234,2026-09-08T09:36:00+08:00,66.42,1.00e-09,0.0,40.3,4.8,EXCELLENT
LM-001170,LK-0234,2026-09-08T10:11:00+08:00,63.76,1.00e-09,0.0,44.2,4.8,EXCELLENT
LM-001171,LK-0235,2026-09-08T08:00:00+08:00,14.52,2.08e-04,0.0678,88.3,33.94,FAULT
LM-001172,LK-0235,2026-09-08T08:35:00+08:00,20.79,2.97e-06,0.0217,59.8,53.48,WARNING
LM-001173,LK-0235,2026-09-08T09:07:00+08:00,17.85,2.18e-05,0.037,70.5,44.4,FAULT
LM-001174,LK-0235,2026-09-08T09:38:00+08:00,16.84,4.31e-05,0.0444,68.6,41.27,FAULT
LM-001175,LK-0235,2026-09-08T10:05:00+08:00,19.68,6.33e-06,0.0265,53.7,50.06,WARNING
LM-001176,LK-0236,2026-09-08T08:03:00+08:00,31.57,2.01e-09,0.0031,42.2,63.8,GOOD
LM-001177,LK-0236,2026-09-08T08:31:00+08:00,32.21,1.30e-09,0.0027,38.8,63.83,GOOD
LM-001178,LK-0236,2026-09-08T09:02:00+08:00,31.06,2.84e-09,0.0033,36.6,63.79,GOOD
LM-001179,LK-0236,2026-09-08T09:33:00+08:00,32.05,1.45e-09,0.0028,49.8,63.82,GOOD
LM-001180,LK-0236,2026-09-08T10:07:00+08:00,35.37,1.00e-09,0.0015,47.5,63.9,EXCELLENT
LM-001181,LK-0237,2026-09-08T08:01:00+08:00,62.91,1.00e-09,0.0,47.8,64.0,EXCELLENT
LM-001182,LK-0237,2026-09-08T08:42:00+08:00,61.82,1.00e-09,0.0,46.3,64.0,EXCELLENT
LM-001183,LK-0237,2026-09-08T09:04:00+08:00,65.95,1.00e-09,0.0,45.5,64.0,EXCELLENT
LM-001184,LK-0237,2026-09-08T09:39:00+08:00,63.27,1.00e-09,0.0,39.2,64.0,EXCELLENT
LM-001185,LK-0237,2026-09-08T10:02:00+08:00,60.43,1.00e-09,0.0,45.2,64.0,EXCELLENT
LM-001186,LK-0238,2026-09-08T08:09:00+08:00,4.9,1.40e-01,0.3895,285.9,5.15,FAULT
LM-001187,LK-0238,2026-09-08T08:30:00+08:00,11.37,1.75e-03,0.12,113.9,24.0,FAULT
LM-001188,LK-0238,2026-09-08T09:09:00+08:00,5.97,6.81e-02,0.3206,242.1,7.84,FAULT
LM-001189,LK-0238,2026-09-08T09:40:00+08:00,11.72,1.38e-03,0.1127,112.0,25.09,FAULT
LM-001190,LK-0238,2026-09-08T10:09:00+08:00,11.92,1.21e-03,0.1087,102.9,25.72,FAULT
LM-001191,LK-0239,2026-09-08T08:00:00+08:00,52.43,1.00e-09,0.0001,47.2,4.8,EXCELLENT
LM-001192,LK-0239,2026-09-08T08:37:00+08:00,38.4,1.00e-09,0.0009,44.5,4.8,EXCELLENT
LM-001193,LK-0239,2026-09-08T09:03:00+08:00,41.95,1.00e-09,0.0005,46.8,4.8,EXCELLENT
LM-001194,LK-0239,2026-09-08T09:38:00+08:00,39.84,1.00e-09,0.0007,36.1,4.8,EXCELLENT
LM-001195,LK-0239,2026-09-08T10:11:00+08:00,46.47,1.00e-09,0.0002,37.4,4.8,EXCELLENT
LM-001196,LK-0240,2026-09-08T08:07:00+08:00,33.41,1.00e-09,0.0022,36.2,63.86,GOOD
LM-001197,LK-0240,2026-09-08T08:36:00+08:00,30.01,5.77e-09,0.0041,48.8,63.74,GOOD
LM-001198,LK-0240,2026-09-08T09:11:00+08:00,28.67,1.43e-08,0.0052,45.3,63.67,GOOD
LM-001199,LK-0240,2026-09-08T09:39:00+08:00,30.49,4.17e-09,0.0037,42.5,63.76,GOOD
LM-001200,LK-0240,2026-09-08T10:05:00+08:00,30.97,3.01e-09,0.0034,43.1,63.78,GOOD
LM-001201,LK-0241,2026-09-08T08:02:00+08:00,57.37,1.00e-09,0.0,48.2,4.8,EXCELLENT
LM-001202,LK-0241,2026-09-08T08:39:00+08:00,61.69,1.00e-09,0.0,46.1,4.8,EXCELLENT
LM-001203,LK-0241,2026-09-08T09:08:00+08:00,56.24,1.00e-09,0.0,36.0,4.8,EXCELLENT
LM-001204,LK-0241,2026-09-08T09:34:00+08:00,60.97,1.00e-09,0.0,35.8,4.8,EXCELLENT
LM-001205,LK-0241,2026-09-08T10:01:00+08:00,55.43,1.00e-09,0.0,35.4,4.8,EXCELLENT
LM-001206,LK-0242,2026-09-08T08:04:00+08:00,30.35,4.58e-09,0.0038,43.2,63.76,GOOD
LM-001207,LK-0242,2026-09-08T08:32:00+08:00,25.78,1.01e-07,0.0087,42.8,63.44,GOOD
LM-001208,LK-0242,2026-09-08T09:01:00+08:00,25.81,9.94e-08,0.0087,44.7,63.44,GOOD
LM-001209,LK-0242,2026-09-08T09:38:00+08:00,22.72,8.04e-07,0.0152,56.7,59.36,WARNING
LM-001210,LK-0242,2026-09-08T10:02:00+08:00,28.06,2.16e-08,0.0058,48.2,63.63,GOOD
LM-001211,LK-0243,2026-09-08T08:01:00+08:00,17.94,2.05e-05,0.0364,69.6,44.68,FAULT
LM-001212,LK-0243,2026-09-08T08:38:00+08:00,23.99,3.42e-07,0.0121,46.6,63.18,WARNING
LM-001213,LK-0243,2026-09-08T09:04:00+08:00,24.19,2.98e-07,0.0117,53.5,63.25,WARNING
LM-001214,LK-0243,2026-09-08T09:36:00+08:00,22.53,9.15e-07,0.0158,44.6,58.79,WARNING
LM-001215,LK-0243,2026-09-08T10:00:00+08:00,21.42,1.95e-06,0.0193,57.2,55.39,WARNING
LM-001216,LK-0244,2026-09-08T08:11:00+08:00,24.03,3.33e-07,0.012,53.8,63.23,WARNING
LM-001217,LK-0244,2026-09-08T08:30:00+08:00,25.53,1.20e-07,0.0092,54.1,63.41,GOOD
LM-001218,LK-0244,2026-09-08T09:07:00+08:00,19.11,9.26e-06,0.0294,54.8,48.32,WARNING
LM-001219,LK-0244,2026-09-08T09:33:00+08:00,21.7,1.60e-06,0.0183,54.7,56.26,WARNING
LM-001220,LK-0244,2026-09-08T10:00:00+08:00,23.55,4.59e-07,0.0131,51.9,61.87,WARNING
LM-001221,LK-0245,2026-09-08T08:09:00+08:00,34.77,1.00e-09,0.0017,40.1,4.79,EXCELLENT
LM-001222,LK-0245,2026-09-08T08:32:00+08:00,25.85,9.65e-08,0.0086,52.5,4.76,GOOD
LM-001223,LK-0245,2026-09-08T09:12:00+08:00,27.73,2.71e-08,0.0061,48.3,4.77,GOOD
LM-001224,LK-0245,2026-09-08T09:38:00+08:00,31.92,1.59e-09,0.0029,37.3,4.79,EXCELLENT
LM-001225,LK-0245,2026-09-08T10:03:00+08:00,34.09,1.00e-09,0.0019,43.8,4.79,EXCELLENT
LM-001226,LK-0246,2026-09-08T08:02:00+08:00,22.13,1.20e-06,0.017,55.4,57.57,WARNING
LM-001227,LK-0246,2026-09-08T08:32:00+08:00,23.35,5.26e-07,0.0136,52.1,61.26,WARNING
LM-001228,LK-0246,2026-09-08T09:03:00+08:00,20.34,4.04e-06,0.0235,59.2,52.09,WARNING
LM-001229,LK-0246,2026-09-08T09:35:00+08:00,26.38,6.77e-08,0.0078,47.3,63.5,GOOD
LM-001230,LK-0246,2026-09-08T10:11:00+08:00,16.58,5.16e-05,0.0466,71.0,40.43,FAULT
LM-001231,LK-0247,2026-09-08T08:06:00+08:00,43.94,1.00e-09,0.0003,36.0,4.8,EXCELLENT
LM-001232,LK-0247,2026-09-08T08:35:00+08:00,58.66,1.00e-09,0.0,43.4,4.8,EXCELLENT
LM-001233,LK-0247,2026-09-08T09:11:00+08:00,37.82,1.00e-09,0.001,46.6,4.8,EXCELLENT
LM-001234,LK-0247,2026-09-08T09:33:00+08:00,50.4,1.00e-09,0.0001,42.4,4.8,EXCELLENT
LM-001235,LK-0247,2026-09-08T10:11:00+08:00,47.29,1.00e-09,0.0002,45.3,4.8,EXCELLENT
LM-001236,LK-0248,2026-09-08T08:02:00+08:00,77.11,1.00e-09,0.0,43.0,64.0,EXCELLENT
LM-001237,LK-0248,2026-09-08T08:31:00+08:00,70.82,1.00e-09,0.0,36.3,64.0,EXCELLENT
LM-001238,LK-0248,2026-09-08T09:03:00+08:00,73.76,1.00e-09,0.0,40.5,64.0,EXCELLENT
LM-001239,LK-0248,2026-09-08T09:33:00+08:00,75.37,1.00e-09,0.0,35.3,64.0,EXCELLENT
LM-001240,LK-0248,2026-09-08T10:02:00+08:00,76.2,1.00e-09,0.0,38.3,64.0,EXCELLENT
LM-001241,LK-0249,2026-09-08T08:05:00+08:00,43.93,1.00e-09,0.0003,46.4,4.8,EXCELLENT
LM-001242,LK-0249,2026-09-08T08:38:00+08:00,55.48,1.00e-09,0.0,41.7,4.8,EXCELLENT
LM-001243,LK-0249,2026-09-08T09:01:00+08:00,59.64,1.00e-09,0.0,35.4,4.8,EXCELLENT
LM-001244,LK-0249,2026-09-08T09:39:00+08:00,49.72,1.00e-09,0.0001,37.9,4.8,EXCELLENT
LM-001245,LK-0249,2026-09-08T10:07:00+08:00,48.75,1.00e-09,0.0001,43.6,4.8,EXCELLENT
LM-001246,LK-0250,2026-09-08T08:06:00+08:00,35.46,1.00e-09,0.0015,48.8,63.9,EXCELLENT
LM-001247,LK-0250,2026-09-08T08:38:00+08:00,32.68,1.00e-09,0.0025,45.2,63.84,GOOD
LM-001248,LK-0250,2026-09-08T09:08:00+08:00,35.71,1.00e-09,0.0014,42.7,63.91,EXCELLENT
LM-001249,LK-0250,2026-09-08T09:39:00+08:00,34.42,1.00e-09,0.0018,42.3,63.88,GOOD
LM-001250,LK-0250,2026-09-08T10:05:00+08:00,32.66,1.00e-09,0.0025,40.4,63.84,GOOD
LM-001251,LK-0251,2026-09-08T08:04:00+08:00,52.95,1.00e-09,0.0001,35.0,4.8,EXCELLENT
LM-001252,LK-0251,2026-09-08T08:37:00+08:00,44.97,1.00e-09,0.0003,47.8,4.8,EXCELLENT
LM-001253,LK-0251,2026-09-08T09:04:00+08:00,40.78,1.00e-09,0.0006,42.6,4.8,EXCELLENT
LM-001254,LK-0251,2026-09-08T09:31:00+08:00,48.61,1.00e-09,0.0001,48.5,4.8,EXCELLENT
LM-001255,LK-0251,2026-09-08T10:09:00+08:00,50.7,1.00e-09,0.0001,35.2,4.8,EXCELLENT
LM-001256,LK-0252,2026-09-08T08:11:00+08:00,23.68,4.20e-07,0.0128,43.5,62.26,WARNING
LM-001257,LK-0252,2026-09-08T08:32:00+08:00,27.55,3.07e-08,0.0063,45.9,63.59,GOOD
LM-001258,LK-0252,2026-09-08T09:10:00+08:00,25.27,1.43e-07,0.0096,53.1,63.39,GOOD
LM-001259,LK-0252,2026-09-08T09:40:00+08:00,29.65,7.35e-09,0.0043,44.4,63.72,GOOD
LM-001260,LK-0252,2026-09-08T10:00:00+08:00,24.47,2.46e-07,0.0111,47.1,63.29,WARNING
LM-001261,LK-0253,2026-09-08T08:09:00+08:00,33.83,1.00e-09,0.002,50.1,4.79,EXCELLENT
LM-001262,LK-0253,2026-09-08T08:42:00+08:00,46.38,1.00e-09,0.0002,38.3,4.8,EXCELLENT
LM-001263,LK-0253,2026-09-08T09:10:00+08:00,28.01,2.24e-08,0.0058,45.2,4.77,GOOD
LM-001264,LK-0253,2026-09-08T09:41:00+08:00,47.81,1.00e-09,0.0002,48.5,4.8,EXCELLENT
LM-001265,LK-0253,2026-09-08T10:01:00+08:00,30.1,5.44e-09,0.004,43.6,4.78,EXCELLENT
LM-001266,LK-0254,2026-09-08T08:07:00+08:00,10.13,4.06e-03,0.1504,135.7,20.09,FAULT
LM-001267,LK-0254,2026-09-08T08:41:00+08:00,13.49,4.18e-04,0.0817,95.5,30.69,FAULT
LM-001268,LK-0254,2026-09-08T09:06:00+08:00,8.25,1.45e-02,0.2117,170.7,14.33,FAULT
LM-001269,LK-0254,2026-09-08T09:40:00+08:00,10.75,2.66e-03,0.1343,122.4,22.04,FAULT
LM-001270,LK-0254,2026-09-08T10:02:00+08:00,12.24,9.76e-04,0.1026,104.1,26.72,FAULT
LM-001271,LK-0255,2026-09-08T08:06:00+08:00,39.67,1.00e-09,0.0007,40.2,4.8,EXCELLENT
LM-001272,LK-0255,2026-09-08T08:40:00+08:00,36.04,1.00e-09,0.0014,41.4,4.79,EXCELLENT
LM-001273,LK-0255,2026-09-08T09:02:00+08:00,42.01,1.00e-09,0.0005,49.3,4.8,EXCELLENT
LM-001274,LK-0255,2026-09-08T09:38:00+08:00,45.96,1.00e-09,0.0002,41.8,4.8,EXCELLENT
LM-001275,LK-0255,2026-09-08T10:04:00+08:00,40.73,1.00e-09,0.0006,41.0,4.8,EXCELLENT
LM-001276,LK-0256,2026-09-08T08:08:00+08:00,36.14,1.00e-09,0.0013,45.6,4.79,EXCELLENT
LM-001277,LK-0256,2026-09-08T08:30:00+08:00,37.74,1.00e-09,0.001,36.6,4.8,EXCELLENT
LM-001278,LK-0256,2026-09-08T09:07:00+08:00,40.59,1.00e-09,0.0006,46.5,4.8,EXCELLENT
LM-001279,LK-0256,2026-09-08T09:40:00+08:00,35.61,1.00e-09,0.0015,38.8,4.79,EXCELLENT
LM-001280,LK-0256,2026-09-08T10:04:00+08:00,38.57,1.00e-09,0.0009,36.0,4.8,EXCELLENT
LM-001281,LK-0257,2026-09-08T08:01:00+08:00,57.89,1.00e-09,0.0,40.7,64.0,EXCELLENT
LM-001282,LK-0257,2026-09-08T08:37:00+08:00,65.27,1.00e-09,0.0,36.0,64.0,EXCELLENT
LM-001283,LK-0257,2026-09-08T09:12:00+08:00,63.58,1.00e-09,0.0,36.2,64.0,EXCELLENT
LM-001284,LK-0257,2026-09-08T09:30:00+08:00,64.37,1.00e-09,0.0,44.4,64.0,EXCELLENT
LM-001285,LK-0257,2026-09-08T10:05:00+08:00,59.84,1.00e-09,0.0,40.3,64.0,EXCELLENT
LM-001286,LK-0258,2026-09-08T08:05:00+08:00,45.47,1.00e-09,0.0002,41.1,4.8,EXCELLENT
LM-001287,LK-0258,2026-09-08T08:32:00+08:00,52.71,1.00e-09,0.0001,45.3,4.8,EXCELLENT
LM-001288,LK-0258,2026-09-08T09:12:00+08:00,49.36,1.00e-09,0.0001,45.7,4.8,EXCELLENT
LM-001289,LK-0258,2026-09-08T09:32:00+08:00,46.59,1.00e-09,0.0002,48.1,4.8,EXCELLENT
LM-001290,LK-0258,2026-09-08T10:11:00+08:00,49.12,1.00e-09,0.0001,41.1,4.8,EXCELLENT
LM-001291,LK-0259,2026-09-08T08:09:00+08:00,7.47,2.46e-02,0.2439,195.2,12.04,FAULT
LM-001292,LK-0259,2026-09-08T08:37:00+08:00,8.65,1.11e-02,0.197,159.4,15.53,FAULT
LM-001293,LK-0259,2026-09-08T09:02:00+08:00,6.5,4.76e-02,0.2912,219.7,9.27,FAULT
LM-001294,LK-0259,2026-09-08T09:39:00+08:00,8.74,1.04e-02,0.1938,159.8,15.8,FAULT
LM-001295,LK-0259,2026-09-08T10:08:00+08:00,10.53,3.09e-03,0.1398,131.9,21.35,FAULT
LM-001296,LK-0260,2026-09-08T08:10:00+08:00,18.11,1.82e-05,0.0352,60.8,45.22,WARNING
LM-001297,LK-0260,2026-09-08T08:40:00+08:00,18.51,1.39e-05,0.0328,57.2,46.46,WARNING
LM-001298,LK-0260,2026-09-08T09:04:00+08:00,13.94,3.08e-04,0.0752,83.2,32.12,FAULT
LM-001299,LK-0260,2026-09-08T09:31:00+08:00,15.91,8.10e-05,0.0526,72.4,38.34,FAULT
LM-001300,LK-0260,2026-09-08T10:09:00+08:00,14.44,2.20e-04,0.0688,78.9,33.69,FAULT
LM-001301,LK-0261,2026-09-08T08:12:00+08:00,39.62,1.00e-09,0.0007,46.1,4.8,EXCELLENT
LM-001302,LK-0261,2026-09-08T08:37:00+08:00,40.36,1.00e-09,0.0006,44.5,4.8,EXCELLENT
LM-001303,LK-0261,2026-09-08T09:12:00+08:00,35.01,1.00e-09,0.0016,46.1,4.79,EXCELLENT
LM-001304,LK-0261,2026-09-08T09:33:00+08:00,36.24,1.00e-09,0.0013,37.5,4.79,EXCELLENT
LM-001305,LK-0261,2026-09-08T10:01:00+08:00,43.42,1.00e-09,0.0004,39.9,4.8,EXCELLENT
LM-001306,LK-0262,2026-09-08T08:01:00+08:00,29.39,8.77e-09,0.0045,51.4,63.71,GOOD
LM-001307,LK-0262,2026-09-08T08:34:00+08:00,30.73,3.55e-09,0.0036,43.0,63.77,GOOD
LM-001308,LK-0262,2026-09-08T09:11:00+08:00,30.72,3.58e-09,0.0036,42.0,63.77,GOOD
LM-001309,LK-0262,2026-09-08T09:41:00+08:00,29.31,9.25e-09,0.0046,39.8,63.71,GOOD
LM-001310,LK-0262,2026-09-08T10:00:00+08:00,34.98,1.00e-09,0.0016,38.7,63.9,GOOD
LM-001311,LK-0263,2026-09-08T08:08:00+08:00,31.27,2.47e-09,0.0032,50.7,4.78,EXCELLENT
LM-001312,LK-0263,2026-09-08T08:36:00+08:00,42.13,1.00e-09,0.0004,45.0,4.8,EXCELLENT
LM-001313,LK-0263,2026-09-08T09:06:00+08:00,32.87,1.00e-09,0.0024,43.5,4.79,EXCELLENT
LM-001314,LK-0263,2026-09-08T09:39:00+08:00,31.83,1.69e-09,0.0029,50.7,4.79,EXCELLENT
LM-001315,LK-0263,2026-09-08T10:08:00+08:00,39.08,1.00e-09,0.0008,45.2,4.8,EXCELLENT
LM-001316,LK-0264,2026-09-08T08:10:00+08:00,19.49,7.18e-06,0.0274,65.8,49.48,WARNING
LM-001317,LK-0264,2026-09-08T08:37:00+08:00,20.61,3.36e-06,0.0224,61.5,52.92,WARNING
LM-001318,LK-0264,2026-09-08T09:12:00+08:00,17.25,3.28e-05,0.0412,67.1,42.53,FAULT
LM-001319,LK-0264,2026-09-08T09:37:00+08:00,22.32,1.05e-06,0.0164,52.0,58.15,WARNING
LM-001320,LK-0264,2026-09-08T10:09:00+08:00,18.93,1.05e-05,0.0304,65.3,47.76,WARNING
LM-001321,LK-0265,2026-09-08T08:06:00+08:00,28.59,1.52e-08,0.0052,51.7,4.77,GOOD
LM-001322,LK-0265,2026-09-08T08:32:00+08:00,29.04,1.12e-08,0.0048,46.6,4.78,GOOD
LM-001323,LK-0265,2026-09-08T09:07:00+08:00,32.57,1.02e-09,0.0025,42.7,4.79,EXCELLENT
LM-001324,LK-0265,2026-09-08T09:38:00+08:00,28.24,1.92e-08,0.0056,42.4,4.77,GOOD
LM-001325,LK-0265,2026-09-08T10:00:00+08:00,32.97,1.00e-09,0.0024,42.4,4.79,EXCELLENT
LM-001326,LK-0266,2026-09-08T08:05:00+08:00,40.23,1.00e-09,0.0006,47.0,4.8,EXCELLENT
LM-001327,LK-0266,2026-09-08T08:40:00+08:00,51.56,1.00e-09,0.0001,49.7,4.8,EXCELLENT
LM-001328,LK-0266,2026-09-08T09:01:00+08:00,37.71,1.00e-09,0.001,40.5,4.8,EXCELLENT
LM-001329,LK-0266,2026-09-08T09:42:00+08:00,35.29,1.00e-09,0.0016,40.6,4.79,EXCELLENT
LM-001330,LK-0266,2026-09-08T10:03:00+08:00,46.36,1.00e-09,0.0002,37.6,4.8,EXCELLENT
LM-001331,LK-0267,2026-09-08T08:00:00+08:00,35.89,1.00e-09,0.0014,42.9,4.79,EXCELLENT
LM-001332,LK-0267,2026-09-08T08:39:00+08:00,42.65,1.00e-09,0.0004,42.1,4.8,EXCELLENT
LM-001333,LK-0267,2026-09-08T09:11:00+08:00,36.02,1.00e-09,0.0014,46.1,4.79,EXCELLENT
LM-001334,LK-0267,2026-09-08T09:42:00+08:00,49.81,1.00e-09,0.0001,49.9,4.8,EXCELLENT
LM-001335,LK-0267,2026-09-08T10:12:00+08:00,44.39,1.00e-09,0.0003,40.6,4.8,EXCELLENT
LM-001336,LK-0268,2026-09-08T08:01:00+08:00,47.13,1.00e-09,0.0002,41.9,4.8,EXCELLENT
LM-001337,LK-0268,2026-09-08T08:35:00+08:00,35.24,1.00e-09,0.0016,46.9,4.79,EXCELLENT
LM-001338,LK-0268,2026-09-08T09:08:00+08:00,43.32,1.00e-09,0.0004,42.9,4.8,EXCELLENT
LM-001339,LK-0268,2026-09-08T09:40:00+08:00,30.25,4.89e-09,0.0039,39.1,4.78,EXCELLENT
LM-001340,LK-0268,2026-09-08T10:11:00+08:00,35.53,1.00e-09,0.0015,47.3,4.79,EXCELLENT
LM-001341,LK-0269,2026-09-08T08:01:00+08:00,29.55,7.86e-09,0.0044,42.7,63.72,GOOD
LM-001342,LK-0269,2026-09-08T08:38:00+08:00,35.9,1.00e-09,0.0014,40.0,63.91,EXCELLENT
LM-001343,LK-0269,2026-09-08T09:12:00+08:00,35.35,1.00e-09,0.0015,43.7,63.9,EXCELLENT
LM-001344,LK-0269,2026-09-08T09:30:00+08:00,32.23,1.29e-09,0.0027,48.3,63.83,GOOD
LM-001345,LK-0269,2026-09-08T10:04:00+08:00,38.0,1.00e-09,0.0009,45.3,63.94,EXCELLENT
LM-001346,LK-0270,2026-09-08T08:05:00+08:00,35.71,1.00e-09,0.0014,45.6,63.91,EXCELLENT
LM-001347,LK-0270,2026-09-08T08:32:00+08:00,36.63,1.00e-09,0.0012,39.8,63.92,EXCELLENT
LM-001348,LK-0270,2026-09-08T09:02:00+08:00,36.43,1.00e-09,0.0013,44.9,63.92,EXCELLENT
LM-001349,LK-0270,2026-09-08T09:30:00+08:00,38.57,1.00e-09,0.0009,40.1,63.95,EXCELLENT
LM-001350,LK-0270,2026-09-08T10:08:00+08:00,40.8,1.00e-09,0.0006,40.6,63.96,EXCELLENT
LM-001351,LK-0271,2026-09-08T08:02:00+08:00,53.5,1.00e-09,0.0001,47.1,4.8,EXCELLENT
LM-001352,LK-0271,2026-09-08T08:31:00+08:00,44.74,1.00e-09,0.0003,49.9,4.8,EXCELLENT
LM-001353,LK-0271,2026-09-08T09:11:00+08:00,46.15,1.00e-09,0.0002,37.2,4.8,EXCELLENT
LM-001354,LK-0271,2026-09-08T09:39:00+08:00,41.7,1.00e-09,0.0005,43.5,4.8,EXCELLENT
LM-001355,LK-0271,2026-09-08T10:08:00+08:00,44.39,1.00e-09,0.0003,45.5,4.8,EXCELLENT
LM-001356,LK-0272,2026-09-08T08:06:00+08:00,32.98,1.00e-09,0.0024,39.2,63.85,GOOD
LM-001357,LK-0272,2026-09-08T08:40:00+08:00,32.78,1.00e-09,0.0024,44.0,63.84,GOOD
LM-001358,LK-0272,2026-09-08T09:08:00+08:00,31.13,2.70e-09,0.0033,45.1,63.79,GOOD
LM-001359,LK-0272,2026-09-08T09:33:00+08:00,27.34,3.52e-08,0.0066,42.3,63.58,GOOD
LM-001360,LK-0272,2026-09-08T10:01:00+08:00,34.25,1.00e-09,0.0019,42.8,63.88,GOOD
LM-001361,LK-0273,2026-09-08T08:07:00+08:00,38.43,1.00e-09,0.0009,37.7,4.8,EXCELLENT
LM-001362,LK-0273,2026-09-08T08:36:00+08:00,42.07,1.00e-09,0.0005,45.8,4.8,EXCELLENT
LM-001363,LK-0273,2026-09-08T09:06:00+08:00,20.6,3.39e-06,0.0224,61.2,3.97,GOOD
LM-001364,LK-0273,2026-09-08T09:37:00+08:00,42.26,1.00e-09,0.0004,42.4,4.8,EXCELLENT
LM-001365,LK-0273,2026-09-08T10:11:00+08:00,31.16,2.66e-09,0.0033,40.3,4.78,EXCELLENT
LM-001366,LK-0274,2026-09-08T08:02:00+08:00,24.02,3.33e-07,0.012,49.6,63.23,WARNING
LM-001367,LK-0274,2026-09-08T08:31:00+08:00,24.72,2.08e-07,0.0106,44.3,63.32,WARNING
LM-001368,LK-0274,2026-09-08T09:08:00+08:00,21.05,2.50e-06,0.0207,59.6,54.26,WARNING
LM-001369,LK-0274,2026-09-08T09:36:00+08:00,27.44,3.29e-08,0.0065,49.6,63.59,GOOD
LM-001370,LK-0274,2026-09-08T10:01:00+08:00,25.81,9.91e-08,0.0087,54.8,63.44,GOOD
LM-001371,LK-0275,2026-09-08T08:11:00+08:00,25.42,1.29e-07,0.0093,45.8,4.76,GOOD
LM-001372,LK-0275,2026-09-08T08:30:00+08:00,21.59,1.73e-06,0.0187,58.2,4.19,GOOD
LM-001373,LK-0275,2026-09-08T09:12:00+08:00,21.44,1.92e-06,0.0193,55.7,4.16,GOOD
LM-001374,LK-0275,2026-09-08T09:40:00+08:00,23.86,3.71e-07,0.0124,47.9,4.71,GOOD
LM-001375,LK-0275,2026-09-08T10:02:00+08:00,19.22,8.64e-06,0.0288,55.0,3.65,WARNING
LM-001376,LK-0276,2026-09-08T08:02:00+08:00,27.34,3.52e-08,0.0066,48.7,63.58,GOOD
LM-001377,LK-0276,2026-09-08T08:41:00+08:00,23.81,3.85e-07,0.0125,44.6,62.65,WARNING
LM-001378,LK-0276,2026-09-08T09:04:00+08:00,22.05,1.27e-06,0.0172,58.9,57.33,WARNING
LM-001379,LK-0276,2026-09-08T09:30:00+08:00,23.37,5.20e-07,0.0136,48.9,61.31,WARNING
LM-001380,LK-0276,2026-09-08T10:12:00+08:00,24.51,2.39e-07,0.011,50.0,63.3,WARNING
LM-001381,LK-0277,2026-09-08T08:04:00+08:00,30.53,4.06e-09,0.0037,41.5,63.76,GOOD
LM-001382,LK-0277,2026-09-08T08:42:00+08:00,33.3,1.00e-09,0.0022,42.6,63.86,GOOD
LM-001383,LK-0277,2026-09-08T09:06:00+08:00,30.36,4.57e-09,0.0038,43.2,63.76,GOOD
LM-001384,LK-0277,2026-09-08T09:34:00+08:00,32.06,1.44e-09,0.0028,49.0,63.82,GOOD
LM-001385,LK-0277,2026-09-08T10:07:00+08:00,30.59,3.89e-09,0.0036,44.4,63.77,GOOD
LM-001386,LK-0278,2026-09-08T08:02:00+08:00,26.31,7.07e-08,0.0079,46.0,63.49,GOOD
LM-001387,LK-0278,2026-09-08T08:36:00+08:00,21.25,2.18e-06,0.0199,57.8,54.88,WARNING
LM-001388,LK-0278,2026-09-08T09:03:00+08:00,21.59,1.73e-06,0.0187,59.6,55.91,WARNING
LM-001389,LK-0278,2026-09-08T09:34:00+08:00,32.16,1.35e-09,0.0027,51.2,63.82,GOOD
LM-001390,LK-0278,2026-09-08T10:02:00+08:00,20.88,2.80e-06,0.0213,63.0,53.76,WARNING
LM-001391,LK-0279,2026-09-08T08:07:00+08:00,26.65,5.63e-08,0.0075,49.5,63.52,GOOD
LM-001392,LK-0279,2026-09-08T08:40:00+08:00,29.42,8.64e-09,0.0045,49.5,63.71,GOOD
LM-001393,LK-0279,2026-09-08T09:04:00+08:00,28.39,1.73e-08,0.0054,51.3,63.65,GOOD
LM-001394,LK-0279,2026-09-08T09:37:00+08:00,25.81,9.91e-08,0.0087,47.9,63.44,GOOD
LM-001395,LK-0279,2026-09-08T10:04:00+08:00,21.73,1.57e-06,0.0183,51.6,56.35,WARNING
LM-001396,LK-0280,2026-09-08T08:06:00+08:00,64.91,1.00e-09,0.0,39.1,64.0,EXCELLENT
LM-001397,LK-0280,2026-09-08T08:37:00+08:00,58.16,1.00e-09,0.0,47.1,64.0,EXCELLENT
LM-001398,LK-0280,2026-09-08T09:01:00+08:00,64.15,1.00e-09,0.0,48.9,64.0,EXCELLENT
LM-001399,LK-0280,2026-09-08T09:36:00+08:00,60.78,1.00e-09,0.0,43.3,64.0,EXCELLENT
LM-001400,LK-0280,2026-09-08T10:08:00+08:00,61.96,1.00e-09,0.0,37.3,64.0,EXCELLENT
LM-001401,LK-0281,2026-09-08T08:02:00+08:00,11.89,1.23e-03,0.1092,107.2,25.63,FAULT
LM-001402,LK-0281,2026-09-08T08:34:00+08:00,9.88,4.80e-03,0.1573,142.2,19.33,FAULT
LM-001403,LK-0281,2026-09-08T09:02:00+08:00,11.55,1.55e-03,0.1162,117.4,24.56,FAULT
LM-001404,LK-0281,2026-09-08T09:32:00+08:00,13.98,3.00e-04,0.0748,91.9,32.23,FAULT
LM-001405,LK-0281,2026-09-08T10:11:00+08:00,8.71,1.06e-02,0.1947,165.0,15.73,FAULT
LM-001406,LK-0282,2026-09-08T08:02:00+08:00,41.94,1.00e-09,0.0005,39.7,4.8,EXCELLENT
LM-001407,LK-0282,2026-09-08T08:30:00+08:00,39.88,1.00e-09,0.0007,47.4,4.8,EXCELLENT
LM-001408,LK-0282,2026-09-08T09:10:00+08:00,41.61,1.00e-09,0.0005,45.0,4.8,EXCELLENT
LM-001409,LK-0282,2026-09-08T09:34:00+08:00,45.37,1.00e-09,0.0002,38.1,4.8,EXCELLENT
LM-001410,LK-0282,2026-09-08T10:07:00+08:00,44.56,1.00e-09,0.0003,44.9,4.8,EXCELLENT
LM-001411,LK-0283,2026-09-08T08:03:00+08:00,24.53,2.36e-07,0.011,52.8,4.75,GOOD
LM-001412,LK-0283,2026-09-08T08:41:00+08:00,34.61,1.00e-09,0.0018,41.9,4.79,EXCELLENT
LM-001413,LK-0283,2026-09-08T09:10:00+08:00,39.89,1.00e-09,0.0007,39.4,4.8,EXCELLENT
LM-001414,LK-0283,2026-09-08T09:34:00+08:00,33.51,1.00e-09,0.0021,42.4,4.79,EXCELLENT
LM-001415,LK-0283,2026-09-08T10:09:00+08:00,32.53,1.05e-09,0.0026,41.8,4.79,EXCELLENT
LM-001416,LK-0284,2026-09-08T08:09:00+08:00,13.18,5.15e-04,0.0864,93.6,2.23,WARNING
LM-001417,LK-0284,2026-09-08T08:37:00+08:00,30.74,3.53e-09,0.0035,50.7,4.78,EXCELLENT
LM-001418,LK-0284,2026-09-08T09:07:00+08:00,25.7,1.07e-07,0.0089,45.9,4.76,GOOD
LM-001419,LK-0284,2026-09-08T09:32:00+08:00,31.74,1.79e-09,0.003,51.9,4.79,EXCELLENT
LM-001420,LK-0284,2026-09-08T10:02:00+08:00,22.74,7.96e-07,0.0152,48.9,4.46,GOOD
LM-001421,LK-0285,2026-09-08T08:06:00+08:00,36.58,1.00e-09,0.0012,45.1,4.79,EXCELLENT
LM-001422,LK-0285,2026-09-08T08:42:00+08:00,24.99,1.73e-07,0.0101,49.7,4.75,GOOD
LM-001423,LK-0285,2026-09-08T09:04:00+08:00,32.64,1.00e-09,0.0025,47.8,4.79,EXCELLENT
LM-001424,LK-0285,2026-09-08T09:41:00+08:00,28.26,1.89e-08,0.0056,54.5,4.77,GOOD
LM-001425,LK-0285,2026-09-08T10:04:00+08:00,36.33,1.00e-09,0.0013,45.5,4.79,EXCELLENT
LM-001426,LK-0286,2026-09-08T08:12:00+08:00,22.87,7.27e-07,0.0148,49.9,59.82,WARNING
LM-001427,LK-0286,2026-09-08T08:32:00+08:00,20.51,3.60e-06,0.0228,61.6,52.61,WARNING
LM-001428,LK-0286,2026-09-08T09:02:00+08:00,20.32,4.10e-06,0.0236,60.4,52.02,WARNING
LM-001429,LK-0286,2026-09-08T09:40:00+08:00,25.35,1.35e-07,0.0094,47.7,63.4,GOOD
LM-001430,LK-0286,2026-09-08T10:08:00+08:00,14.46,2.16e-04,0.0685,84.7,33.77,FAULT
LM-001431,LK-0287,2026-09-08T08:09:00+08:00,32.37,1.17e-09,0.0026,42.0,63.83,GOOD
LM-001432,LK-0287,2026-09-08T08:35:00+08:00,27.39,3.41e-08,0.0065,55.1,63.58,GOOD
LM-001433,LK-0287,2026-09-08T09:10:00+08:00,31.59,1.98e-09,0.003,43.2,63.81,GOOD
LM-001434,LK-0287,2026-09-08T09:36:00+08:00,33.75,1.00e-09,0.0021,39.4,63.87,GOOD
LM-001435,LK-0287,2026-09-08T10:01:00+08:00,28.48,1.63e-08,0.0053,46.6,63.66,GOOD
LM-001436,LK-0288,2026-09-08T08:12:00+08:00,30.1,5.43e-09,0.004,42.8,4.78,EXCELLENT
LM-001437,LK-0288,2026-09-08T08:36:00+08:00,24.74,2.06e-07,0.0106,47.2,4.75,GOOD
LM-001438,LK-0288,2026-09-08T09:03:00+08:00,25.68,1.08e-07,0.0089,46.0,4.76,GOOD
LM-001439,LK-0288,2026-09-08T09:30:00+08:00,27.13,4.07e-08,0.0068,42.1,4.77,GOOD
LM-001440,LK-0288,2026-09-08T10:08:00+08:00,29.5,8.19e-09,0.0044,49.8,4.78,GOOD
LM-001441,LK-0289,2026-09-08T08:08:00+08:00,30.15,5.26e-09,0.0039,48.4,4.78,EXCELLENT
LM-001442,LK-0289,2026-09-08T08:42:00+08:00,41.21,1.00e-09,0.0005,42.4,4.8,EXCELLENT
LM-001443,LK-0289,2026-09-08T09:00:00+08:00,35.07,1.00e-09,0.0016,39.9,4.79,EXCELLENT
LM-001444,LK-0289,2026-09-08T09:37:00+08:00,39.23,1.00e-09,0.0008,40.7,4.8,EXCELLENT
LM-001445,LK-0289,2026-09-08T10:08:00+08:00,39.78,1.00e-09,0.0007,38.3,4.8,EXCELLENT
LM-001446,LK-0290,2026-09-08T08:01:00+08:00,24.21,2.93e-07,0.0116,53.3,4.74,GOOD
LM-001447,LK-0290,2026-09-08T08:32:00+08:00,26.18,7.73e-08,0.0081,43.5,4.76,GOOD
LM-001448,LK-0290,2026-09-08T09:01:00+08:00,29.16,1.02e-08,0.0047,48.7,4.78,GOOD
LM-001449,LK-0290,2026-09-08T09:39:00+08:00,29.97,5.95e-09,0.0041,48.8,4.78,GOOD
LM-001450,LK-0290,2026-09-08T10:01:00+08:00,32.52,1.05e-09,0.0026,49.2,4.79,EXCELLENT
LM-001451,LK-0291,2026-09-08T08:07:00+08:00,23.77,3.95e-07,0.0126,48.8,62.54,WARNING
LM-001452,LK-0291,2026-09-08T08:38:00+08:00,24.89,1.85e-07,0.0103,57.5,63.34,WARNING
LM-001453,LK-0291,2026-09-08T09:02:00+08:00,17.23,3.31e-05,0.0413,65.7,42.49,FAULT
LM-001454,LK-0291,2026-09-08T09:35:00+08:00,20.47,3.68e-06,0.0229,56.2,52.51,WARNING
LM-001455,LK-0291,2026-09-08T10:09:00+08:00,27.11,4.11e-08,0.0069,42.7,63.56,GOOD
LM-001456,LK-0292,2026-09-08T08:08:00+08:00,36.87,1.00e-09,0.0012,46.1,63.93,EXCELLENT
LM-001457,LK-0292,2026-09-08T08:39:00+08:00,37.85,1.00e-09,0.001,50.6,63.94,EXCELLENT
LM-001458,LK-0292,2026-09-08T09:02:00+08:00,33.24,1.00e-09,0.0023,50.4,63.86,GOOD
LM-001459,LK-0292,2026-09-08T09:35:00+08:00,37.23,1.00e-09,0.0011,47.9,63.93,EXCELLENT
LM-001460,LK-0292,2026-09-08T10:12:00+08:00,37.46,1.00e-09,0.001,51.4,63.93,EXCELLENT
LM-001461,LK-0293,2026-09-08T08:11:00+08:00,35.1,1.00e-09,0.0016,41.2,4.79,EXCELLENT
LM-001462,LK-0293,2026-09-08T08:40:00+08:00,31.62,1.94e-09,0.003,51.9,4.79,EXCELLENT
LM-001463,LK-0293,2026-09-08T09:10:00+08:00,33.11,1.00e-09,0.0023,41.1,4.79,EXCELLENT
LM-001464,LK-0293,2026-09-08T09:40:00+08:00,25.99,8.82e-08,0.0084,47.2,4.76,GOOD
LM-001465,LK-0293,2026-09-08T10:04:00+08:00,41.38,1.00e-09,0.0005,43.8,4.8,EXCELLENT
LM-001466,LK-0294,2026-09-08T08:09:00+08:00,19.82,5.73e-06,0.0258,54.6,3.79,WARNING
LM-001467,LK-0294,2026-09-08T08:33:00+08:00,34.79,1.00e-09,0.0017,47.2,4.79,EXCELLENT
LM-001468,LK-0294,2026-09-08T09:09:00+08:00,41.38,1.00e-09,0.0005,49.4,4.8,EXCELLENT
LM-001469,LK-0294,2026-09-08T09:30:00+08:00,28.46,1.65e-08,0.0054,46.7,4.77,GOOD
LM-001470,LK-0294,2026-09-08T10:09:00+08:00,26.89,4.77e-08,0.0071,52.4,4.77,GOOD
LM-001471,LK-0295,2026-09-08T08:01:00+08:00,18.2,1.72e-05,0.0347,66.0,45.5,WARNING
LM-001472,LK-0295,2026-09-08T08:42:00+08:00,15.84,8.53e-05,0.0533,76.1,38.1,FAULT
LM-001473,LK-0295,2026-09-08T09:07:00+08:00,14.04,2.88e-04,0.0739,84.8,32.44,FAULT
LM-001474,LK-0295,2026-09-08T09:33:00+08:00,20.55,3.50e-06,0.0226,58.4,52.74,WARNING
LM-001475,LK-0295,2026-09-08T10:08:00+08:00,20.63,3.33e-06,0.0223,62.2,52.97,WARNING
LM-001476,LK-0296,2026-09-08T08:01:00+08:00,39.42,1.00e-09,0.0007,48.0,4.8,EXCELLENT
LM-001477,LK-0296,2026-09-08T08:36:00+08:00,30.17,5.17e-09,0.0039,50.5,4.78,EXCELLENT
LM-001478,LK-0296,2026-09-08T09:09:00+08:00,28.71,1.39e-08,0.0051,45.7,4.78,GOOD
LM-001479,LK-0296,2026-09-08T09:30:00+08:00,28.35,1.78e-08,0.0055,41.7,4.77,GOOD
LM-001480,LK-0296,2026-09-08T10:08:00+08:00,17.56,2.66e-05,0.039,75.4,3.26,WARNING
LM-001481,LK-0297,2026-09-08T08:08:00+08:00,32.55,1.03e-09,0.0026,46.5,4.79,EXCELLENT
LM-001482,LK-0297,2026-09-08T08:34:00+08:00,31.54,2.05e-09,0.0031,49.1,4.79,EXCELLENT
LM-001483,LK-0297,2026-09-08T09:06:00+08:00,32.85,1.00e-09,0.0024,51.7,4.79,EXCELLENT
LM-001484,LK-0297,2026-09-08T09:33:00+08:00,30.99,2.97e-09,0.0034,45.5,4.78,EXCELLENT
LM-001485,LK-0297,2026-09-08T10:04:00+08:00,26.25,7.37e-08,0.008,54.4,4.76,GOOD
LM-001486,LK-0298,2026-09-08T08:04:00+08:00,25.49,1.23e-07,0.0092,52.3,4.76,GOOD
LM-001487,LK-0298,2026-09-08T08:33:00+08:00,31.02,2.92e-09,0.0034,52.6,4.78,EXCELLENT
LM-001488,LK-0298,2026-09-08T09:01:00+08:00,27.95,2.33e-08,0.0059,54.2,4.77,GOOD
LM-001489,LK-0298,2026-09-08T09:37:00+08:00,28.72,1.39e-08,0.0051,49.3,4.78,GOOD
LM-001490,LK-0298,2026-09-08T10:01:00+08:00,30.31,4.72e-09,0.0038,43.5,4.78,EXCELLENT
LM-001491,LK-0299,2026-09-08T08:00:00+08:00,25.23,1.47e-07,0.0097,54.3,4.75,GOOD
LM-001492,LK-0299,2026-09-08T08:36:00+08:00,23.75,4.02e-07,0.0127,57.2,4.68,GOOD
LM-001493,LK-0299,2026-09-08T09:07:00+08:00,28.66,1.44e-08,0.0052,53.3,4.78,GOOD
LM-001494,LK-0299,2026-09-08T09:42:00+08:00,30.31,4.71e-09,0.0038,48.7,4.78,EXCELLENT
LM-001495,LK-0299,2026-09-08T10:06:00+08:00,28.61,1.49e-08,0.0052,50.4,4.77,GOOD
LM-001496,LK-0300,2026-09-08T08:10:00+08:00,21.32,2.07e-06,0.0197,60.2,4.13,GOOD
LM-001497,LK-0300,2026-09-08T08:38:00+08:00,17.72,2.38e-05,0.0379,64.3,3.3,WARNING
LM-001498,LK-0300,2026-09-08T09:00:00+08:00,29.3,9.34e-09,0.0046,49.0,4.78,GOOD
LM-001499,LK-0300,2026-09-08T09:36:00+08:00,37.92,1.00e-09,0.001,52.6,4.8,EXCELLENT
LM-001500,LK-0300,2026-09-08T10:08:00+08:00,31.53,2.07e-09,0.0031,41.4,4.79,EXCELLENT
LM-001501,LK-0301,2026-09-08T08:03:00+08:00,39.88,1.00e-09,0.0007,41.6,4.8,EXCELLENT
LM-001502,LK-0301,2026-09-08T08:40:00+08:00,37.22,1.00e-09,0.0011,51.1,4.79,EXCELLENT
LM-001503,LK-0301,2026-09-08T09:00:00+08:00,43.1,1.00e-09,0.0004,45.4,4.8,EXCELLENT
LM-001504,LK-0301,2026-09-08T09:40:00+08:00,36.36,1.00e-09,0.0013,40.3,4.79,EXCELLENT
LM-001505,LK-0301,2026-09-08T10:04:00+08:00,36.0,1.00e-09,0.0014,45.0,4.79,EXCELLENT
LM-001506,LK-0302,2026-09-08T08:08:00+08:00,34.79,1.00e-09,0.0017,47.3,4.79,EXCELLENT
LM-001507,LK-0302,2026-09-08T08:42:00+08:00,40.4,1.00e-09,0.0006,43.0,4.8,EXCELLENT
LM-001508,LK-0302,2026-09-08T09:02:00+08:00,43.02,1.00e-09,0.0004,41.8,4.8,EXCELLENT
LM-001509,LK-0302,2026-09-08T09:30:00+08:00,41.28,1.00e-09,0.0005,44.3,4.8,EXCELLENT
LM-001510,LK-0302,2026-09-08T10:05:00+08:00,43.13,1.00e-09,0.0004,40.8,4.8,EXCELLENT
LM-001511,LK-0303,2026-09-08T08:00:00+08:00,18.81,1.14e-05,0.031,61.5,47.38,WARNING
LM-001512,LK-0303,2026-09-08T08:34:00+08:00,17.77,2.30e-05,0.0375,75.0,44.16,FAULT
LM-001513,LK-0303,2026-09-08T09:08:00+08:00,19.91,5.39e-06,0.0254,65.7,50.79,WARNING
LM-001514,LK-0303,2026-09-08T09:34:00+08:00,15.44,1.12e-04,0.0573,79.4,36.85,FAULT
LM-001515,LK-0303,2026-09-08T10:05:00+08:00,16.25,6.42e-05,0.0494,80.4,39.42,FAULT
LM-001516,LK-0304,2026-09-08T08:11:00+08:00,32.08,1.43e-09,0.0028,50.4,4.79,EXCELLENT
LM-001517,LK-0304,2026-09-08T08:32:00+08:00,20.56,3.47e-06,0.0226,59.4,3.96,GOOD
LM-001518,LK-0304,2026-09-08T09:06:00+08:00,13.94,3.07e-04,0.0752,95.6,2.41,WARNING
LM-001519,LK-0304,2026-09-08T09:37:00+08:00,22.78,7.72e-07,0.0151,48.8,4.47,GOOD
LM-001520,LK-0304,2026-09-08T10:02:00+08:00,33.54,1.00e-09,0.0021,43.5,4.79,EXCELLENT
LM-001521,LK-0305,2026-09-08T08:12:00+08:00,37.36,1.00e-09,0.0011,52.0,4.79,EXCELLENT
LM-001522,LK-0305,2026-09-08T08:33:00+08:00,35.49,1.00e-09,0.0015,45.8,4.79,EXCELLENT
LM-001523,LK-0305,2026-09-08T09:10:00+08:00,38.55,1.00e-09,0.0009,47.1,4.8,EXCELLENT
LM-001524,LK-0305,2026-09-08T09:38:00+08:00,29.61,7.56e-09,0.0044,49.1,4.78,GOOD
LM-001525,LK-0305,2026-09-08T10:04:00+08:00,27.64,2.88e-08,0.0062,47.5,4.77,GOOD
LM-001526,LK-0306,2026-09-08T08:03:00+08:00,30.9,3.16e-09,0.0034,53.6,63.78,GOOD
LM-001527,LK-0306,2026-09-08T08:36:00+08:00,22.89,7.20e-07,0.0148,55.4,59.86,WARNING
LM-001528,LK-0306,2026-09-08T09:04:00+08:00,29.63,7.48e-09,0.0043,49.0,63.72,GOOD
LM-001529,LK-0306,2026-09-08T09:36:00+08:00,22.85,7.37e-07,0.0149,58.3,59.75,WARNING
LM-001530,LK-0306,2026-09-08T10:05:00+08:00,25.84,9.76e-08,0.0087,53.6,63.45,GOOD
LM-001531,LK-0307,2026-09-08T08:04:00+08:00,24.16,3.03e-07,0.0117,59.1,63.25,WARNING
LM-001532,LK-0307,2026-09-08T08:37:00+08:00,15.33,1.20e-04,0.0584,89.4,36.52,FAULT
LM-001533,LK-0307,2026-09-08T09:09:00+08:00,23.72,4.08e-07,0.0127,52.3,62.4,WARNING
LM-001534,LK-0307,2026-09-08T09:31:00+08:00,23.01,6.61e-07,0.0145,53.9,60.24,WARNING
LM-001535,LK-0307,2026-09-08T10:04:00+08:00,22.98,6.73e-07,0.0145,55.8,60.16,WARNING
LM-001536,LK-0308,2026-09-08T08:00:00+08:00,30.43,4.34e-09,0.0038,52.8,4.78,EXCELLENT
LM-001537,LK-0308,2026-09-08T08:41:00+08:00,36.68,1.00e-09,0.0012,53.5,4.79,EXCELLENT
LM-001538,LK-0308,2026-09-08T09:06:00+08:00,30.77,3.45e-09,0.0035,42.1,4.78,EXCELLENT
LM-001539,LK-0308,2026-09-08T09:42:00+08:00,30.31,4.73e-09,0.0038,48.9,4.78,EXCELLENT
LM-001540,LK-0308,2026-09-08T10:08:00+08:00,29.23,9.82e-09,0.0047,47.4,4.78,GOOD
LM-001541,LK-0309,2026-09-08T08:11:00+08:00,54.54,1.00e-09,0.0,41.1,64.0,EXCELLENT
LM-001542,LK-0309,2026-09-08T08:40:00+08:00,48.95,1.00e-09,0.0001,53.2,63.99,EXCELLENT
LM-001543,LK-0309,2026-09-08T09:00:00+08:00,55.03,1.00e-09,0.0,47.3,64.0,EXCELLENT
LM-001544,LK-0309,2026-09-08T09:41:00+08:00,51.29,1.00e-09,0.0001,44.6,63.99,EXCELLENT
LM-001545,LK-0309,2026-09-08T10:10:00+08:00,51.58,1.00e-09,0.0001,48.9,63.99,EXCELLENT
LM-001546,LK-0310,2026-09-08T08:11:00+08:00,43.5,1.00e-09,0.0003,43.0,4.8,EXCELLENT
LM-001547,LK-0310,2026-09-08T08:33:00+08:00,39.41,1.00e-09,0.0007,43.9,4.8,EXCELLENT
LM-001548,LK-0310,2026-09-08T09:11:00+08:00,48.84,1.00e-09,0.0001,46.2,4.8,EXCELLENT
LM-001549,LK-0310,2026-09-08T09:34:00+08:00,46.81,1.00e-09,0.0002,51.5,4.8,EXCELLENT
LM-001550,LK-0310,2026-09-08T10:01:00+08:00,37.22,1.00e-09,0.0011,45.6,4.79,EXCELLENT
LM-001551,LK-0311,2026-09-08T08:05:00+08:00,18.76,1.17e-05,0.0313,64.4,47.24,WARNING
LM-001552,LK-0311,2026-09-08T08:30:00+08:00,21.83,1.47e-06,0.0179,58.9,56.64,WARNING
LM-001553,LK-0311,2026-09-08T09:02:00+08:00,23.02,6.57e-07,0.0144,59.2,60.27,WARNING
LM-001554,LK-0311,2026-09-08T09:35:00+08:00,30.54,4.03e-09,0.0037,43.2,63.76,GOOD
LM-001555,LK-0311,2026-09-08T10:03:00+08:00,22.2,1.14e-06,0.0168,58.9,57.78,WARNING
LM-001556,LK-0312,2026-09-08T08:10:00+08:00,13.9,3.15e-04,0.0757,91.8,2.4,WARNING
LM-001557,LK-0312,2026-09-08T08:39:00+08:00,20.81,2.93e-06,0.0216,63.6,4.02,GOOD
LM-001558,LK-0312,2026-09-08T09:05:00+08:00,27.81,2.57e-08,0.006,44.6,4.77,GOOD
LM-001559,LK-0312,2026-09-08T09:41:00+08:00,15.66,9.62e-05,0.0551,81.9,2.82,WARNING
LM-001560,LK-0312,2026-09-08T10:12:00+08:00,20.73,3.09e-06,0.0219,54.3,4.0,GOOD
LM-001561,LK-0313,2026-09-08T08:02:00+08:00,29.48,8.28e-09,0.0045,43.9,4.78,GOOD
LM-001562,LK-0313,2026-09-08T08:30:00+08:00,22.51,9.25e-07,0.0158,52.3,4.41,GOOD
LM-001563,LK-0313,2026-09-08T09:00:00+08:00,17.48,2.80e-05,0.0395,67.8,3.24,WARNING
LM-001564,LK-0313,2026-09-08T09:30:00+08:00,27.07,4.23e-08,0.0069,47.5,4.77,GOOD
LM-001565,LK-0313,2026-09-08T10:02:00+08:00,33.43,1.00e-09,0.0022,53.2,4.79,EXCELLENT
LM-001566,LK-0314,2026-09-08T08:00:00+08:00,33.47,1.00e-09,0.0022,47.9,4.79,EXCELLENT
LM-001567,LK-0314,2026-09-08T08:40:00+08:00,21.23,2.20e-06,0.02,54.9,4.11,GOOD
LM-001568,LK-0314,2026-09-08T09:03:00+08:00,27.66,2.83e-08,0.0062,56.7,4.77,GOOD
LM-001569,LK-0314,2026-09-08T09:37:00+08:00,36.26,1.00e-09,0.0013,42.1,4.79,EXCELLENT
LM-001570,LK-0314,2026-09-08T10:02:00+08:00,31.15,2.67e-09,0.0033,44.7,4.78,EXCELLENT
LM-001571,LK-0315,2026-09-08T08:10:00+08:00,20.18,4.49e-06,0.0242,59.9,3.87,GOOD
LM-001572,LK-0315,2026-09-08T08:31:00+08:00,29.33,9.19e-09,0.0046,51.3,4.78,GOOD
LM-001573,LK-0315,2026-09-08T09:01:00+08:00,30.43,4.35e-09,0.0038,42.7,4.78,EXCELLENT
LM-001574,LK-0315,2026-09-08T09:39:00+08:00,22.44,9.76e-07,0.0161,61.5,4.39,GOOD
LM-001575,LK-0315,2026-09-08T10:01:00+08:00,25.14,1.56e-07,0.0098,53.1,4.75,GOOD
LM-001576,LK-0316,2026-09-08T08:10:00+08:00,26.4,6.68e-08,0.0078,58.7,4.76,GOOD
LM-001577,LK-0316,2026-09-08T08:34:00+08:00,21.47,1.87e-06,0.0191,61.5,4.17,GOOD
LM-001578,LK-0316,2026-09-08T09:06:00+08:00,22.56,9.00e-07,0.0157,62.2,4.41,GOOD
LM-001579,LK-0316,2026-09-08T09:31:00+08:00,29.3,9.33e-09,0.0046,54.1,4.78,GOOD
LM-001580,LK-0316,2026-09-08T10:09:00+08:00,30.07,5.54e-09,0.004,56.6,4.78,EXCELLENT
LM-001581,LK-0317,2026-09-08T08:01:00+08:00,46.93,1.00e-09,0.0002,52.3,63.99,EXCELLENT
LM-001582,LK-0317,2026-09-08T08:31:00+08:00,45.39,1.00e-09,0.0002,49.8,63.98,EXCELLENT
LM-001583,LK-0317,2026-09-08T09:07:00+08:00,47.8,1.00e-09,0.0002,46.1,63.99,EXCELLENT
LM-001584,LK-0317,2026-09-08T09:33:00+08:00,48.11,1.00e-09,0.0002,43.6,63.99,EXCELLENT
LM-001585,LK-0317,2026-09-08T10:03:00+08:00,45.82,1.00e-09,0.0002,44.6,63.99,EXCELLENT
LM-001586,LK-0318,2026-09-08T08:11:00+08:00,42.72,1.00e-09,0.0004,51.8,63.97,EXCELLENT
LM-001587,LK-0318,2026-09-08T08:42:00+08:00,47.86,1.00e-09,0.0002,48.6,63.99,EXCELLENT
LM-001588,LK-0318,2026-09-08T09:04:00+08:00,48.97,1.00e-09,0.0001,47.9,63.99,EXCELLENT
LM-001589,LK-0318,2026-09-08T09:33:00+08:00,46.74,1.00e-09,0.0002,44.7,63.99,EXCELLENT
LM-001590,LK-0318,2026-09-08T10:06:00+08:00,43.84,1.00e-09,0.0003,51.9,63.98,EXCELLENT
LM-001591,LK-0319,2026-09-08T08:12:00+08:00,26.64,5.65e-08,0.0075,56.2,63.52,GOOD
LM-001592,LK-0319,2026-09-08T08:36:00+08:00,35.05,1.00e-09,0.0016,51.3,63.9,EXCELLENT
LM-001593,LK-0319,2026-09-08T09:02:00+08:00,29.03,1.12e-08,0.0048,53.2,63.69,GOOD
LM-001594,LK-0319,2026-09-08T09:31:00+08:00,26.89,4.79e-08,0.0071,52.6,63.54,GOOD
LM-001595,LK-0319,2026-09-08T10:04:00+08:00,29.84,6.48e-09,0.0042,52.9,63.73,GOOD
LM-001596,LK-0320,2026-09-08T08:01:00+08:00,19.17,8.92e-06,0.0291,63.7,48.49,WARNING
LM-001597,LK-0320,2026-09-08T08:41:00+08:00,16.06,7.30e-05,0.0511,73.7,38.82,FAULT
LM-001598,LK-0320,2026-09-08T09:07:00+08:00,18.78,1.16e-05,0.0312,69.8,47.28,WARNING
LM-001599,LK-0320,2026-09-08T09:34:00+08:00,16.76,4.56e-05,0.0451,80.1,41.0,FAULT
LM-001600,LK-0320,2026-09-08T10:10:00+08:00,21.08,2.44e-06,0.0205,62.1,54.37,WARNING
LM-001601,LK-0321,2026-09-08T08:08:00+08:00,23.16,5.96e-07,0.0141,62.7,60.7,WARNING
LM-001602,LK-0321,2026-09-08T08:36:00+08:00,22.06,1.26e-06,0.0172,54.7,57.35,WARNING
LM-001603,LK-0321,2026-09-08T09:05:00+08:00,19.63,6.53e-06,0.0267,61.9,49.92,WARNING
LM-001604,LK-0321,2026-09-08T09:41:00+08:00,16.81,4.40e-05,0.0446,69.4,41.17,FAULT
LM-001605,LK-0321,2026-09-08T10:09:00+08:00,21.19,2.28e-06,0.0202,60.2,54.69,WARNING
LM-001606,LK-0322,2026-09-08T08:05:00+08:00,17.36,3.04e-05,0.0404,73.4,3.22,WARNING
LM-001607,LK-0322,2026-09-08T08:37:00+08:00,27.16,3.97e-08,0.0068,57.6,4.77,GOOD
LM-001608,LK-0322,2026-09-08T09:02:00+08:00,27.78,2.62e-08,0.0061,51.2,4.77,GOOD
LM-001609,LK-0322,2026-09-08T09:41:00+08:00,24.94,1.79e-07,0.0102,48.1,4.75,GOOD
LM-001610,LK-0322,2026-09-08T10:12:00+08:00,23.66,4.27e-07,0.0129,61.3,4.66,GOOD
LM-001611,LK-0323,2026-09-08T08:09:00+08:00,29.23,9.79e-09,0.0047,57.4,63.7,GOOD
LM-001612,LK-0323,2026-09-08T08:32:00+08:00,34.33,1.00e-09,0.0018,53.5,63.88,GOOD
LM-001613,LK-0323,2026-09-08T09:12:00+08:00,27.76,2.65e-08,0.0061,49.1,63.61,GOOD
LM-001614,LK-0323,2026-09-08T09:32:00+08:00,25.81,9.92e-08,0.0087,56.9,63.44,GOOD
LM-001615,LK-0323,2026-09-08T10:11:00+08:00,29.44,8.52e-09,0.0045,46.0,63.71,GOOD
LM-001616,LK-0324,2026-09-08T08:02:00+08:00,30.11,5.41e-09,0.004,44.8,63.75,GOOD
LM-001617,LK-0324,2026-09-08T08:42:00+08:00,30.87,3.23e-09,0.0035,53.1,63.78,GOOD
LM-001618,LK-0324,2026-09-08T09:12:00+08:00,28.14,2.04e-08,0.0057,57.8,63.64,GOOD
LM-001619,LK-0324,2026-09-08T09:31:00+08:00,32.26,1.26e-09,0.0027,49.0,63.83,GOOD
LM-001620,LK-0324,2026-09-08T10:04:00+08:00,28.71,1.39e-08,0.0051,45.9,63.67,GOOD
LM-001621,LK-0325,2026-09-08T08:07:00+08:00,62.53,1.00e-09,0.0,52.3,64.0,EXCELLENT
LM-001622,LK-0325,2026-09-08T08:42:00+08:00,64.74,1.00e-09,0.0,48.2,64.0,EXCELLENT
LM-001623,LK-0325,2026-09-08T09:04:00+08:00,64.17,1.00e-09,0.0,42.2,64.0,EXCELLENT
LM-001624,LK-0325,2026-09-08T09:39:00+08:00,61.47,1.00e-09,0.0,42.3,64.0,EXCELLENT
LM-001625,LK-0325,2026-09-08T10:08:00+08:00,59.48,1.00e-09,0.0,46.5,64.0,EXCELLENT
LM-001626,LK-0326,2026-09-08T08:11:00+08:00,22.09,1.23e-06,0.0171,57.5,57.45,WARNING
LM-001627,LK-0326,2026-09-08T08:37:00+08:00,20.98,2.61e-06,0.0209,60.0,54.07,WARNING
LM-001628,LK-0326,2026-09-08T09:12:00+08:00,23.92,3.57e-07,0.0123,54.0,62.98,WARNING
LM-001629,LK-0326,2026-09-08T09:42:00+08:00,23.5,4.73e-07,0.0132,55.8,61.73,WARNING
LM-001630,LK-0326,2026-09-08T10:12:00+08:00,26.33,6.96e-08,0.0079,46.3,63.49,GOOD
LM-001631,LK-0327,2026-09-08T08:01:00+08:00,19.94,5.28e-06,0.0253,58.5,50.88,WARNING
LM-001632,LK-0327,2026-09-08T08:40:00+08:00,19.95,5.24e-06,0.0252,62.7,50.92,WARNING
LM-001633,LK-0327,2026-09-08T09:02:00+08:00,21.44,1.91e-06,0.0192,55.2,55.47,WARNING
LM-001634,LK-0327,2026-09-08T09:42:00+08:00,25.54,1.19e-07,0.0091,54.1,63.42,GOOD
LM-001635,LK-0327,2026-09-08T10:08:00+08:00,16.03,7.48e-05,0.0515,84.9,38.71,FAULT
LM-001636,LK-0328,2026-09-08T08:01:00+08:00,35.68,1.00e-09,0.0014,47.9,4.79,EXCELLENT
LM-001637,LK-0328,2026-09-08T08:37:00+08:00,34.02,1.00e-09,0.002,55.5,4.79,EXCELLENT
LM-001638,LK-0328,2026-09-08T09:11:00+08:00,27.57,3.02e-08,0.0063,49.8,4.77,GOOD
LM-001639,LK-0328,2026-09-08T09:42:00+08:00,27.05,4.30e-08,0.0069,51.8,4.77,GOOD
LM-001640,LK-0328,2026-09-08T10:03:00+08:00,29.68,7.24e-09,0.0043,57.8,4.78,GOOD
LM-001641,LK-0329,2026-09-08T08:08:00+08:00,15.15,1.36e-04,0.0604,80.8,2.69,WARNING
LM-001642,LK-0329,2026-09-08T08:31:00+08:00,12.39,8.77e-04,0.0997,104.1,2.04,FAULT
LM-001643,LK-0329,2026-09-08T09:03:00+08:00,16.85,4.28e-05,0.0443,73.1,3.1,WARNING
LM-001644,LK-0329,2026-09-08T09:30:00+08:00,6.27,5.53e-02,0.3033,237.7,0.65,FAULT
LM-001645,LK-0329,2026-09-08T10:01:00+08:00,8.66,1.10e-02,0.1965,174.0,1.17,FAULT
LM-001646,LK-0330,2026-09-08T08:02:00+08:00,7.71,2.10e-02,0.2337,189.5,12.72,FAULT
LM-001647,LK-0330,2026-09-08T08:36:00+08:00,4.8,1.50e-01,0.3965,300.8,4.91,FAULT
LM-001648,LK-0330,2026-09-08T09:06:00+08:00,7.25,2.85e-02,0.2539,212.3,11.4,FAULT
LM-001649,LK-0330,2026-09-08T09:40:00+08:00,1.91,1.06e+00,0.6703,462.5,0.0,FAULT
LM-001650,LK-0330,2026-09-08T10:08:00+08:00,9.01,8.68e-03,0.1844,161.5,16.63,FAULT
LM-001651,LK-0331,2026-09-08T08:04:00+08:00,9.54,6.08e-03,0.1676,158.8,18.25,FAULT
LM-001652,LK-0331,2026-09-08T08:35:00+08:00,7.99,1.74e-02,0.2221,189.3,13.55,FAULT
LM-001653,LK-0331,2026-09-08T09:04:00+08:00,6.85,3.75e-02,0.2731,222.7,10.26,FAULT
LM-001654,LK-0331,2026-09-08T09:34:00+08:00,5.91,7.09e-02,0.3242,245.5,7.68,FAULT
LM-001655,LK-0331,2026-09-08T10:03:00+08:00,5.99,6.73e-02,0.3196,251.8,7.89,FAULT
LM-001656,LK-0332,2026-09-08T08:12:00+08:00,9.89,4.79e-03,0.1573,152.8,1.45,FAULT
LM-001657,LK-0332,2026-09-08T08:38:00+08:00,36.74,1.00e-09,0.0012,42.5,4.79,EXCELLENT
LM-001658,LK-0332,2026-09-08T09:10:00+08:00,26.97,4.52e-08,0.007,57.5,4.77,GOOD
LM-001659,LK-0332,2026-09-08T09:41:00+08:00,10.01,4.40e-03,0.1537,145.9,1.48,FAULT
LM-001660,LK-0332,2026-09-08T10:04:00+08:00,15.74,9.10e-05,0.0543,81.0,2.83,WARNING
LM-001661,LK-0333,2026-09-08T08:04:00+08:00,13.34,4.62e-04,0.0839,99.1,30.22,FAULT
LM-001662,LK-0333,2026-09-08T08:37:00+08:00,14.96,1.54e-04,0.0625,91.8,35.34,FAULT
LM-001663,LK-0333,2026-09-08T09:04:00+08:00,10.3,3.63e-03,0.1459,145.2,20.62,FAULT
LM-001664,LK-0333,2026-09-08T09:40:00+08:00,11.75,1.35e-03,0.112,121.3,25.2,FAULT
LM-001665,LK-0333,2026-09-08T10:08:00+08:00,10.87,2.46e-03,0.1315,125.3,22.41,FAULT
LM-001666,LK-0334,2026-09-08T08:03:00+08:00,17.07,3.69e-05,0.0426,81.9,41.98,FAULT
LM-001667,LK-0334,2026-09-08T08:34:00+08:00,15.51,1.07e-04,0.0566,86.4,37.07,FAULT
LM-001668,LK-0334,2026-09-08T09:12:00+08:00,20.87,2.81e-06,0.0213,68.3,53.73,WARNING
LM-001669,LK-0334,2026-09-08T09:37:00+08:00,21.66,1.65e-06,0.0185,63.3,56.13,WARNING
LM-001670,LK-0334,2026-09-08T10:11:00+08:00,17.1,3.61e-05,0.0423,81.9,42.08,FAULT
LM-001671,LK-0335,2026-09-08T08:11:00+08:00,33.23,1.00e-09,0.0023,43.3,4.79,EXCELLENT
LM-001672,LK-0335,2026-09-08T08:37:00+08:00,29.12,1.06e-08,0.0048,53.4,4.78,GOOD
LM-001673,LK-0335,2026-09-08T09:09:00+08:00,22.15,1.18e-06,0.0169,58.5,4.32,GOOD
LM-001674,LK-0335,2026-09-08T09:31:00+08:00,29.05,1.11e-08,0.0048,57.9,4.78,GOOD
LM-001675,LK-0335,2026-09-08T10:08:00+08:00,29.41,8.69e-09,0.0045,53.9,4.78,GOOD
LM-001676,LK-0336,2026-09-08T08:07:00+08:00,17.4,2.95e-05,0.0401,77.7,3.23,WARNING
LM-001677,LK-0336,2026-09-08T08:31:00+08:00,28.29,1.85e-08,0.0055,50.6,4.77,GOOD
LM-001678,LK-0336,2026-09-08T09:12:00+08:00,14.6,1.97e-04,0.0667,84.4,2.57,WARNING
LM-001679,LK-0336,2026-09-08T09:32:00+08:00,20.1,4.74e-06,0.0245,61.4,3.85,GOOD
LM-001680,LK-0336,2026-09-08T10:10:00+08:00,28.5,1.61e-08,0.0053,52.6,4.77,GOOD
LM-001681,LK-0337,2026-09-08T08:12:00+08:00,20.58,3.42e-06,0.0225,58.9,3.96,GOOD
LM-001682,LK-0337,2026-09-08T08:39:00+08:00,30.15,5.27e-09,0.004,58.3,4.78,EXCELLENT
LM-001683,LK-0337,2026-09-08T09:04:00+08:00,9.58,5.90e-03,0.1663,151.9,1.38,FAULT
LM-001684,LK-0337,2026-09-08T09:40:00+08:00,16.68,4.82e-05,0.0457,81.8,3.06,WARNING
LM-001685,LK-0337,2026-09-08T10:00:00+08:00,27.29,3.65e-08,0.0066,49.8,4.77,GOOD
LM-001686,LK-0338,2026-09-08T08:01:00+08:00,32.41,1.13e-09,0.0026,50.5,63.83,GOOD
LM-001687,LK-0338,2026-09-08T08:31:00+08:00,33.72,1.00e-09,0.0021,50.2,63.87,GOOD
LM-001688,LK-0338,2026-09-08T09:11:00+08:00,32.34,1.19e-09,0.0027,55.1,63.83,GOOD
LM-001689,LK-0338,2026-09-08T09:39:00+08:00,28.97,1.17e-08,0.0049,56.0,63.69,GOOD
LM-001690,LK-0338,2026-09-08T10:11:00+08:00,31.95,1.56e-09,0.0028,47.6,63.82,GOOD
LM-001691,LK-0339,2026-09-08T08:12:00+08:00,10.69,2.79e-03,0.136,127.3,1.64,FAULT
LM-001692,LK-0339,2026-09-08T08:33:00+08:00,19.63,6.53e-06,0.0267,63.1,3.74,WARNING
LM-001693,LK-0339,2026-09-08T09:08:00+08:00,30.36,4.56e-09,0.0038,45.1,4.78,EXCELLENT
LM-001694,LK-0339,2026-09-08T09:30:00+08:00,22.12,1.21e-06,0.017,59.7,4.31,GOOD
LM-001695,LK-0339,2026-09-08T10:02:00+08:00,29.95,6.03e-09,0.0041,46.0,4.78,GOOD
LM-001696,LK-0340,2026-09-08T08:11:00+08:00,27.59,2.97e-08,0.0063,58.3,4.77,GOOD
LM-001697,LK-0340,2026-09-08T08:40:00+08:00,36.6,1.00e-09,0.0012,46.7,4.79,EXCELLENT
LM-001698,LK-0340,2026-09-08T09:01:00+08:00,40.02,1.00e-09,0.0007,53.3,4.8,EXCELLENT
LM-001699,LK-0340,2026-09-08T09:40:00+08:00,24.4,2.58e-07,0.0112,62.4,4.75,GOOD
LM-001700,LK-0340,2026-09-08T10:01:00+08:00,27.75,2.67e-08,0.0061,47.0,4.77,GOOD
LM-001701,LK-0341,2026-09-08T08:10:00+08:00,17.1,3.62e-05,0.0424,76.7,3.15,WARNING
LM-001702,LK-0341,2026-09-08T08:36:00+08:00,19.43,7.48e-06,0.0277,65.8,3.7,WARNING
LM-001703,LK-0341,2026-09-08T09:11:00+08:00,25.69,1.08e-07,0.0089,58.9,4.76,GOOD
LM-001704,LK-0341,2026-09-08T09:32:00+08:00,16.9,4.13e-05,0.0439,77.2,3.11,WARNING
LM-001705,LK-0341,2026-09-08T10:03:00+08:00,26.85,4.90e-08,0.0072,52.9,4.77,GOOD
LM-001706,LK-0342,2026-09-08T08:05:00+08:00,5.92,7.03e-02,0.3234,245.0,7.72,FAULT
LM-001707,LK-0342,2026-09-08T08:42:00+08:00,12.74,6.92e-04,0.0935,114.0,28.33,FAULT
LM-001708,LK-0342,2026-09-08T09:12:00+08:00,9.45,6.44e-03,0.1702,156.2,17.98,FAULT
LM-001709,LK-0342,2026-09-08T09:36:00+08:00,6.04,6.49e-02,0.3166,252.1,8.03,FAULT
LM-001710,LK-0342,2026-09-08T10:01:00+08:00,6.64,4.32e-02,0.2837,228.7,9.67,FAULT
LM-001711,LK-0343,2026-09-08T08:05:00+08:00,36.53,1.00e-09,0.0012,52.3,4.79,EXCELLENT
LM-001712,LK-0343,2026-09-08T08:34:00+08:00,25.92,9.24e-08,0.0085,56.3,4.76,GOOD
LM-001713,LK-0343,2026-09-08T09:03:00+08:00,23.05,6.42e-07,0.0143,60.6,4.53,GOOD
LM-001714,LK-0343,2026-09-08T09:40:00+08:00,23.76,3.99e-07,0.0126,63.2,4.69,GOOD
LM-001715,LK-0343,2026-09-08T10:03:00+08:00,24.22,2.92e-07,0.0116,55.7,4.74,GOOD
LM-001716,LK-0344,2026-09-08T08:12:00+08:00,19.77,5.95e-06,0.0261,70.5,3.78,WARNING
LM-001717,LK-0344,2026-09-08T08:35:00+08:00,21.08,2.45e-06,0.0206,65.3,4.08,GOOD
LM-001718,LK-0344,2026-09-08T09:01:00+08:00,19.7,6.24e-06,0.0264,67.7,3.76,WARNING
LM-001719,LK-0344,2026-09-08T09:31:00+08:00,25.87,9.52e-08,0.0086,56.4,4.76,GOOD
LM-001720,LK-0344,2026-09-08T10:05:00+08:00,18.45,1.46e-05,0.0332,73.0,3.47,WARNING
LM-001721,LK-0345,2026-09-08T08:10:00+08:00,11.4,1.72e-03,0.1195,117.9,1.8,FAULT
LM-001722,LK-0345,2026-09-08T08:31:00+08:00,12.9,6.21e-04,0.0909,104.6,2.16,FAULT
LM-001723,LK-0345,2026-09-08T09:08:00+08:00,19.52,7.04e-06,0.0273,63.3,3.72,WARNING
LM-001724,LK-0345,2026-09-08T09:36:00+08:00,17.11,3.59e-05,0.0423,72.4,3.16,WARNING
LM-001725,LK-0345,2026-09-08T10:08:00+08:00,12.17,1.02e-03,0.1039,109.4,1.99,FAULT
LM-001726,LK-0346,2026-09-08T08:01:00+08:00,24.62,2.23e-07,0.0108,50.5,63.31,WARNING
LM-001727,LK-0346,2026-09-08T08:33:00+08:00,23.41,5.05e-07,0.0135,53.3,61.44,WARNING
LM-001728,LK-0346,2026-09-08T09:09:00+08:00,19.74,6.06e-06,0.0262,62.6,50.25,WARNING
LM-001729,LK-0346,2026-09-08T09:30:00+08:00,25.26,1.44e-07,0.0096,51.3,63.39,GOOD
LM-001730,LK-0346,2026-09-08T10:06:00+08:00,27.29,3.64e-08,0.0066,58.7,63.57,GOOD
LM-001731,LK-0347,2026-09-08T08:10:00+08:00,54.85,1.00e-09,0.0,48.0,4.8,EXCELLENT
LM-001732,LK-0347,2026-09-08T08:40:00+08:00,47.78,1.00e-09,0.0002,47.0,4.8,EXCELLENT
LM-001733,LK-0347,2026-09-08T09:00:00+08:00,40.85,1.00e-09,0.0006,43.2,4.8,EXCELLENT
LM-001734,LK-0347,2026-09-08T09:37:00+08:00,43.32,1.00e-09,0.0004,47.9,4.8,EXCELLENT
LM-001735,LK-0347,2026-09-08T10:02:00+08:00,50.71,1.00e-09,0.0001,54.8,4.8,EXCELLENT
LM-001736,LK-0348,2026-09-08T08:12:00+08:00,24.88,1.87e-07,0.0103,53.4,4.75,GOOD
LM-001737,LK-0348,2026-09-08T08:35:00+08:00,34.06,1.00e-09,0.0019,49.7,4.79,EXCELLENT
LM-001738,LK-0348,2026-09-08T09:02:00+08:00,31.06,2.84e-09,0.0033,51.5,4.78,EXCELLENT
LM-001739,LK-0348,2026-09-08T09:36:00+08:00,31.33,2.36e-09,0.0032,49.9,4.78,EXCELLENT
LM-001740,LK-0348,2026-09-08T10:04:00+08:00,21.5,1.84e-06,0.019,65.3,4.17,GOOD
LM-001741,LK-0349,2026-09-08T08:11:00+08:00,26.81,5.04e-08,0.0072,60.8,4.77,GOOD
LM-001742,LK-0349,2026-09-08T08:41:00+08:00,19.32,8.04e-06,0.0283,64.1,3.67,WARNING
LM-001743,LK-0349,2026-09-08T09:10:00+08:00,21.36,2.03e-06,0.0195,65.5,4.14,GOOD
LM-001744,LK-0349,2026-09-08T09:42:00+08:00,23.85,3.74e-07,0.0124,53.5,4.71,GOOD
LM-001745,LK-0349,2026-09-08T10:08:00+08:00,27.54,3.09e-08,0.0064,48.8,4.77,GOOD
LM-001746,LK-0350,2026-09-08T08:01:00+08:00,12.0,1.14e-03,0.107,112.5,25.99,FAULT
LM-001747,LK-0350,2026-09-08T08:32:00+08:00,16.46,5.58e-05,0.0476,84.3,40.07,FAULT
LM-001748,LK-0350,2026-09-08T09:10:00+08:00,15.7,9.33e-05,0.0546,90.4,37.69,FAULT
LM-001749,LK-0350,2026-09-08T09:38:00+08:00,9.6,5.82e-03,0.1657,146.3,18.45,FAULT
LM-001750,LK-0350,2026-09-08T10:07:00+08:00,21.02,2.54e-06,0.0208,59.3,54.19,WARNING
LM-001751,LK-0351,2026-09-08T08:07:00+08:00,18.11,1.82e-05,0.0352,76.8,45.23,WARNING
LM-001752,LK-0351,2026-09-08T08:38:00+08:00,18.19,1.73e-05,0.0347,72.0,45.46,WARNING
LM-001753,LK-0351,2026-09-08T09:08:00+08:00,22.55,9.03e-07,0.0157,55.0,58.85,WARNING
LM-001754,LK-0351,2026-09-08T09:39:00+08:00,13.45,4.30e-04,0.0823,101.9,30.56,FAULT
LM-001755,LK-0351,2026-09-08T10:09:00+08:00,15.54,1.04e-04,0.0563,82.6,37.17,FAULT
LM-001756,LK-0352,2026-09-08T08:11:00+08:00,12.86,6.41e-04,0.0916,100.6,2.15,FAULT
LM-001757,LK-0352,2026-09-08T08:30:00+08:00,25.36,1.34e-07,0.0094,55.1,4.75,GOOD
LM-001758,LK-0352,2026-09-08T09:10:00+08:00,27.05,4.29e-08,0.0069,50.5,4.77,GOOD
LM-001759,LK-0352,2026-09-08T09:31:00+08:00,31.89,1.62e-09,0.0029,50.0,4.79,EXCELLENT
LM-001760,LK-0352,2026-09-08T10:06:00+08:00,16.43,5.68e-05,0.0478,76.6,3.0,WARNING
LM-001761,LK-0353,2026-09-08T08:11:00+08:00,36.87,1.00e-09,0.0012,58.0,4.79,EXCELLENT
LM-001762,LK-0353,2026-09-08T08:30:00+08:00,29.42,8.59e-09,0.0045,47.7,4.78,GOOD
LM-001763,LK-0353,2026-09-08T09:09:00+08:00,30.18,5.14e-09,0.0039,48.6,4.78,EXCELLENT
LM-001764,LK-0353,2026-09-08T09:38:00+08:00,21.94,1.36e-06,0.0176,60.9,4.27,GOOD
LM-001765,LK-0353,2026-09-08T10:10:00+08:00,24.06,3.26e-07,0.012,56.1,4.74,GOOD
LM-001766,LK-0354,2026-09-08T08:00:00+08:00,25.89,9.43e-08,0.0086,58.0,63.45,GOOD
LM-001767,LK-0354,2026-09-08T08:38:00+08:00,25.87,9.53e-08,0.0086,51.5,63.45,GOOD
LM-001768,LK-0354,2026-09-08T09:11:00+08:00,28.71,1.39e-08,0.0051,47.6,63.67,GOOD
LM-001769,LK-0354,2026-09-08T09:41:00+08:00,23.31,5.40e-07,0.0137,53.4,61.15,WARNING
LM-001770,LK-0354,2026-09-08T10:04:00+08:00,30.19,5.11e-09,0.0039,58.9,63.75,GOOD
LM-001771,LK-0355,2026-09-08T08:04:00+08:00,27.91,2.40e-08,0.0059,51.0,4.77,GOOD
LM-001772,LK-0355,2026-09-08T08:34:00+08:00,21.87,1.43e-06,0.0178,60.2,4.26,GOOD
LM-001773,LK-0355,2026-09-08T09:01:00+08:00,20.71,3.14e-06,0.022,59.4,3.99,GOOD
LM-001774,LK-0355,2026-09-08T09:33:00+08:00,21.35,2.03e-06,0.0196,60.7,4.14,GOOD
LM-001775,LK-0355,2026-09-08T10:08:00+08:00,23.36,5.21e-07,0.0136,65.5,4.6,GOOD
LM-001776,LK-0356,2026-09-08T08:04:00+08:00,9.31,7.09e-03,0.1747,157.6,1.32,FAULT
LM-001777,LK-0356,2026-09-08T08:37:00+08:00,17.06,3.71e-05,0.0426,73.7,3.15,WARNING
LM-001778,LK-0356,2026-09-08T09:12:00+08:00,8.1,1.61e-02,0.2177,182.0,1.04,FAULT
LM-001779,LK-0356,2026-09-08T09:38:00+08:00,12.16,1.03e-03,0.1041,114.8,1.99,FAULT
LM-001780,LK-0356,2026-09-08T10:12:00+08:00,15.93,8.02e-05,0.0524,77.0,2.88,WARNING
LM-001781,LK-0357,2026-09-08T08:12:00+08:00,25.49,1.23e-07,0.0092,52.4,4.76,GOOD
LM-001782,LK-0357,2026-09-08T08:35:00+08:00,27.71,2.74e-08,0.0062,60.6,4.77,GOOD
LM-001783,LK-0357,2026-09-08T09:04:00+08:00,22.33,1.05e-06,0.0164,66.4,4.36,GOOD
LM-001784,LK-0357,2026-09-08T09:34:00+08:00,22.34,1.04e-06,0.0163,67.5,4.37,GOOD
LM-001785,LK-0357,2026-09-08T10:11:00+08:00,28.71,1.39e-08,0.0051,54.2,4.78,GOOD
LM-001786,LK-0358,2026-09-08T08:10:00+08:00,21.73,1.57e-06,0.0183,61.5,4.23,GOOD
LM-001787,LK-0358,2026-09-08T08:36:00+08:00,27.15,4.02e-08,0.0068,61.6,4.77,GOOD
LM-001788,LK-0358,2026-09-08T09:04:00+08:00,18.89,1.08e-05,0.0306,66.6,3.57,WARNING
LM-001789,LK-0358,2026-09-08T09:41:00+08:00,22.8,7.63e-07,0.015,53.5,4.47,GOOD
LM-001790,LK-0358,2026-09-08T10:02:00+08:00,21.64,1.67e-06,0.0185,57.0,4.21,GOOD
LM-001791,LK-0359,2026-09-08T08:04:00+08:00,24.56,2.32e-07,0.0109,58.5,4.75,GOOD
LM-001792,LK-0359,2026-09-08T08:30:00+08:00,26.59,5.84e-08,0.0075,59.5,4.76,GOOD
LM-001793,LK-0359,2026-09-08T09:10:00+08:00,21.83,1.47e-06,0.0179,65.5,4.25,GOOD
LM-001794,LK-0359,2026-09-08T09:31:00+08:00,20.53,3.55e-06,0.0227,64.4,3.95,GOOD
LM-001795,LK-0359,2026-09-08T10:07:00+08:00,29.76,6.86e-09,0.0042,50.7,4.78,GOOD
LM-001796,LK-0360,2026-09-08T08:10:00+08:00,42.2,1.00e-09,0.0004,54.1,4.8,EXCELLENT
LM-001797,LK-0360,2026-09-08T08:37:00+08:00,30.53,4.06e-09,0.0037,47.1,4.78,EXCELLENT
LM-001798,LK-0360,2026-09-08T09:02:00+08:00,44.44,1.00e-09,0.0003,45.1,4.8,EXCELLENT
LM-001799,LK-0360,2026-09-08T09:31:00+08:00,34.89,1.00e-09,0.0017,55.8,4.79,EXCELLENT
LM-001800,LK-0360,2026-09-08T10:11:00+08:00,35.39,1.00e-09,0.0015,55.2,4.79,EXCELLENT
LM-001801,LK-0361,2026-09-08T08:09:00+08:00,8.25,1.45e-02,0.2116,183.3,14.35,FAULT
LM-001802,LK-0361,2026-09-08T08:34:00+08:00,3.27,4.24e-01,0.5241,374.4,1.75,FAULT
LM-001803,LK-0361,2026-09-08T09:00:00+08:00,3.74,3.07e-01,0.4804,353.9,2.64,FAULT
LM-001804,LK-0361,2026-09-08T09:37:00+08:00,2.52,7.03e-01,0.6,429.1,0.61,FAULT
LM-001805,LK-0361,2026-09-08T10:04:00+08:00,10.77,2.63e-03,0.1338,138.6,22.11,FAULT
LM-001806,LK-0362,2026-09-08T08:00:00+08:00,31.64,1.91e-09,0.003,60.2,4.79,EXCELLENT
LM-001807,LK-0362,2026-09-08T08:31:00+08:00,28.54,1.56e-08,0.0053,48.9,4.77,GOOD
LM-001808,LK-0362,2026-09-08T09:02:00+08:00,30.85,3.28e-09,0.0035,47.0,4.78,EXCELLENT
LM-001809,LK-0362,2026-09-08T09:41:00+08:00,30.68,3.68e-09,0.0036,51.0,4.78,EXCELLENT
LM-001810,LK-0362,2026-09-08T10:08:00+08:00,34.88,1.00e-09,0.0017,57.1,4.79,EXCELLENT
LM-001811,LK-0363,2026-09-08T08:11:00+08:00,32.11,1.39e-09,0.0028,47.0,63.82,GOOD
LM-001812,LK-0363,2026-09-08T08:34:00+08:00,29.33,9.15e-09,0.0046,48.5,63.71,GOOD
LM-001813,LK-0363,2026-09-08T09:03:00+08:00,32.58,1.01e-09,0.0025,56.6,63.84,GOOD
LM-001814,LK-0363,2026-09-08T09:42:00+08:00,33.26,1.00e-09,0.0022,48.5,63.86,GOOD
LM-001815,LK-0363,2026-09-08T10:10:00+08:00,25.46,1.26e-07,0.0093,55.8,63.41,GOOD
LM-001816,LK-0364,2026-09-08T08:03:00+08:00,32.51,1.06e-09,0.0026,56.1,4.79,EXCELLENT
LM-001817,LK-0364,2026-09-08T08:31:00+08:00,28.29,1.86e-08,0.0055,61.6,4.77,GOOD
LM-001818,LK-0364,2026-09-08T09:03:00+08:00,33.3,1.00e-09,0.0022,51.2,4.79,EXCELLENT
LM-001819,LK-0364,2026-09-08T09:33:00+08:00,31.44,2.19e-09,0.0031,55.0,4.79,EXCELLENT
LM-001820,LK-0364,2026-09-08T10:03:00+08:00,25.4,1.31e-07,0.0094,54.3,4.76,GOOD
LM-001821,LK-0365,2026-09-08T08:06:00+08:00,27.75,2.68e-08,0.0061,61.9,63.61,GOOD
LM-001822,LK-0365,2026-09-08T08:41:00+08:00,29.39,8.78e-09,0.0045,48.4,63.71,GOOD
LM-001823,LK-0365,2026-09-08T09:05:00+08:00,24.66,2.16e-07,0.0107,52.2,63.31,WARNING
LM-001824,LK-0365,2026-09-08T09:40:00+08:00,23.21,5.78e-07,0.0139,65.0,60.84,WARNING
LM-001825,LK-0365,2026-09-08T10:03:00+08:00,25.77,1.02e-07,0.0088,58.6,63.44,GOOD
LM-001826,LK-0366,2026-09-08T08:00:00+08:00,64.31,1.00e-09,0.0,56.8,64.0,EXCELLENT
LM-001827,LK-0366,2026-09-08T08:40:00+08:00,61.47,1.00e-09,0.0,45.9,64.0,EXCELLENT
LM-001828,LK-0366,2026-09-08T09:03:00+08:00,60.04,1.00e-09,0.0,48.1,64.0,EXCELLENT
LM-001829,LK-0366,2026-09-08T09:33:00+08:00,63.19,1.00e-09,0.0,56.6,64.0,EXCELLENT
LM-001830,LK-0366,2026-09-08T10:03:00+08:00,60.49,1.00e-09,0.0,56.6,64.0,EXCELLENT
LM-001831,LK-0367,2026-09-08T08:01:00+08:00,25.65,1.11e-07,0.009,52.6,4.76,GOOD
LM-001832,LK-0367,2026-09-08T08:32:00+08:00,29.8,6.68e-09,0.0042,54.0,4.78,GOOD
LM-001833,LK-0367,2026-09-08T09:05:00+08:00,23.32,5.35e-07,0.0137,54.4,4.59,GOOD
LM-001834,LK-0367,2026-09-08T09:36:00+08:00,16.54,5.29e-05,0.0469,76.5,3.02,WARNING
LM-001835,LK-0367,2026-09-08T10:01:00+08:00,6.91,3.59e-02,0.27,225.9,0.78,FAULT
LM-001836,LK-0368,2026-09-08T08:01:00+08:00,22.55,9.03e-07,0.0157,67.5,4.41,GOOD
LM-001837,LK-0368,2026-09-08T08:35:00+08:00,22.59,8.77e-07,0.0156,60.7,4.42,GOOD
LM-001838,LK-0368,2026-09-08T09:06:00+08:00,18.35,1.56e-05,0.0338,75.4,3.45,WARNING
LM-001839,LK-0368,2026-09-08T09:41:00+08:00,19.96,5.20e-06,0.0252,67.0,3.82,WARNING
LM-001840,LK-0368,2026-09-08T10:07:00+08:00,19.34,7.92e-06,0.0282,65.9,3.68,WARNING
LM-001841,LK-0369,2026-09-08T08:01:00+08:00,37.62,1.00e-09,0.001,49.5,4.8,EXCELLENT
LM-001842,LK-0369,2026-09-08T08:42:00+08:00,31.51,2.09e-09,0.0031,49.5,4.79,EXCELLENT
LM-001843,LK-0369,2026-09-08T09:04:00+08:00,15.68,9.50e-05,0.0549,79.4,2.82,WARNING
LM-001844,LK-0369,2026-09-08T09:31:00+08:00,24.1,3.17e-07,0.0119,59.4,4.74,GOOD
LM-001845,LK-0369,2026-09-08T10:00:00+08:00,27.68,2.80e-08,0.0062,53.8,4.77,GOOD
LM-001846,LK-0370,2026-09-08T08:10:00+08:00,26.34,6.92e-08,0.0079,51.6,4.76,GOOD
LM-001847,LK-0370,2026-09-08T08:30:00+08:00,25.61,1.14e-07,0.009,59.1,4.76,GOOD
LM-001848,LK-0370,2026-09-08T09:10:00+08:00,35.23,1.00e-09,0.0016,48.2,4.79,EXCELLENT
LM-001849,LK-0370,2026-09-08T09:34:00+08:00,31.24,2.52e-09,0.0032,47.4,4.78,EXCELLENT
LM-001850,LK-0370,2026-09-08T10:07:00+08:00,26.42,6.56e-08,0.0078,60.1,4.76,GOOD
LM-001851,LK-0371,2026-09-08T08:00:00+08:00,8.59,1.15e-02,0.199,182.1,15.36,FAULT
LM-001852,LK-0371,2026-09-08T08:41:00+08:00,3.74,3.09e-01,0.4811,352.5,2.62,FAULT
LM-001853,LK-0371,2026-09-08T09:11:00+08:00,2.19,8.81e-01,0.6376,445.2,0.2,FAULT
LM-001854,LK-0371,2026-09-08T09:36:00+08:00,8.84,9.70e-03,0.1901,174.0,16.13,FAULT
LM-001855,LK-0371,2026-09-08T10:01:00+08:00,4.96,1.35e-01,0.385,290.6,5.3,FAULT
LM-001856,LK-0372,2026-09-08T08:00:00+08:00,30.99,2.97e-09,0.0034,57.4,4.78,EXCELLENT
LM-001857,LK-0372,2026-09-08T08:40:00+08:00,32.14,1.37e-09,0.0028,48.0,4.79,EXCELLENT
LM-001858,LK-0372,2026-09-08T09:05:00+08:00,31.84,1.67e-09,0.0029,54.4,4.79,EXCELLENT
LM-001859,LK-0372,2026-09-08T09:42:00+08:00,33.47,1.00e-09,0.0022,50.7,4.79,EXCELLENT
LM-001860,LK-0372,2026-09-08T10:12:00+08:00,27.39,3.40e-08,0.0065,50.6,4.77,GOOD
LM-001861,LK-0373,2026-09-08T08:09:00+08:00,29.84,6.50e-09,0.0042,55.6,63.73,GOOD
LM-001862,LK-0373,2026-09-08T08:34:00+08:00,20.56,3.47e-06,0.0226,64.3,52.78,WARNING
LM-001863,LK-0373,2026-09-08T09:04:00+08:00,25.77,1.02e-07,0.0088,55.9,63.44,GOOD
LM-001864,LK-0373,2026-09-08T09:36:00+08:00,28.33,1.80e-08,0.0055,61.8,63.65,GOOD
LM-001865,LK-0373,2026-09-08T10:03:00+08:00,23.53,4.65e-07,0.0132,58.4,61.82,WARNING
LM-001866,LK-0374,2026-09-08T08:01:00+08:00,27.17,3.94e-08,0.0068,55.1,63.57,GOOD
LM-001867,LK-0374,2026-09-08T08:30:00+08:00,22.43,9.78e-07,0.0161,64.5,58.49,WARNING
LM-001868,LK-0374,2026-09-08T09:12:00+08:00,28.68,1.42e-08,0.0052,53.0,63.67,GOOD
LM-001869,LK-0374,2026-09-08T09:31:00+08:00,24.73,2.07e-07,0.0106,61.2,63.32,WARNING
LM-001870,LK-0374,2026-09-08T10:01:00+08:00,25.14,1.57e-07,0.0098,61.2,63.37,GOOD
LM-001871,LK-0375,2026-09-08T08:12:00+08:00,26.55,6.02e-08,0.0076,62.4,4.76,GOOD
LM-001872,LK-0375,2026-09-08T08:38:00+08:00,28.76,1.35e-08,0.0051,49.7,4.78,GOOD
LM-001873,LK-0375,2026-09-08T09:07:00+08:00,25.97,8.91e-08,0.0084,64.2,4.76,GOOD
LM-001874,LK-0375,2026-09-08T09:41:00+08:00,23.39,5.12e-07,0.0135,66.6,4.6,GOOD
LM-001875,LK-0375,2026-09-08T10:08:00+08:00,27.95,2.33e-08,0.0059,61.2,4.77,GOOD
LM-001876,LK-0376,2026-09-08T08:12:00+08:00,19.02,9.84e-06,0.0299,70.9,3.6,WARNING
LM-001877,LK-0376,2026-09-08T08:42:00+08:00,20.67,3.23e-06,0.0221,63.8,3.98,GOOD
LM-001878,LK-0376,2026-09-08T09:02:00+08:00,32.31,1.22e-09,0.0027,60.5,4.79,EXCELLENT
LM-001879,LK-0376,2026-09-08T09:34:00+08:00,30.54,4.03e-09,0.0037,52.5,4.78,EXCELLENT
LM-001880,LK-0376,2026-09-08T10:05:00+08:00,26.78,5.16e-08,0.0073,64.2,4.76,GOOD
LM-001881,LK-0377,2026-09-08T08:04:00+08:00,60.8,1.00e-09,0.0,56.1,64.0,EXCELLENT
LM-001882,LK-0377,2026-09-08T08:32:00+08:00,64.32,1.00e-09,0.0,53.2,64.0,EXCELLENT
LM-001883,LK-0377,2026-09-08T09:04:00+08:00,61.07,1.00e-09,0.0,54.9,64.0,EXCELLENT
LM-001884,LK-0377,2026-09-08T09:42:00+08:00,63.6,1.00e-09,0.0,54.0,64.0,EXCELLENT
LM-001885,LK-0377,2026-09-08T10:12:00+08:00,62.67,1.00e-09,0.0,50.1,64.0,EXCELLENT
LM-001886,LK-0378,2026-09-08T08:07:00+08:00,16.27,6.35e-05,0.0493,78.5,2.96,WARNING
LM-001887,LK-0378,2026-09-08T08:42:00+08:00,34.15,1.00e-09,0.0019,53.5,4.79,EXCELLENT
LM-001888,LK-0378,2026-09-08T09:03:00+08:00,24.81,1.96e-07,0.0104,60.8,4.75,GOOD
LM-001889,LK-0378,2026-09-08T09:39:00+08:00,31.49,2.13e-09,0.0031,62.5,4.79,EXCELLENT
LM-001890,LK-0378,2026-09-08T10:00:00+08:00,22.11,1.22e-06,0.017,66.8,4.31,GOOD
LM-001891,LK-0379,2026-09-08T08:05:00+08:00,53.15,1.00e-09,0.0001,59.5,64.0,EXCELLENT
LM-001892,LK-0379,2026-09-08T08:33:00+08:00,55.11,1.00e-09,0.0,58.8,64.0,EXCELLENT
LM-001893,LK-0379,2026-09-08T09:01:00+08:00,55.66,1.00e-09,0.0,55.8,64.0,EXCELLENT
LM-001894,LK-0379,2026-09-08T09:37:00+08:00,57.64,1.00e-09,0.0,56.4,64.0,EXCELLENT
LM-001895,LK-0379,2026-09-08T10:02:00+08:00,53.36,1.00e-09,0.0001,54.3,64.0,EXCELLENT
LM-001896,LK-0380,2026-09-08T08:09:00+08:00,17.17,3.46e-05,0.0418,73.9,3.17,WARNING
LM-001897,LK-0380,2026-09-08T08:35:00+08:00,25.06,1.65e-07,0.01,59.4,4.75,GOOD
LM-001898,LK-0380,2026-09-08T09:08:00+08:00,16.26,6.41e-05,0.0494,86.8,2.96,WARNING
LM-001899,LK-0380,2026-09-08T09:34:00+08:00,19.83,5.70e-06,0.0258,65.7,3.79,WARNING
LM-001900,LK-0380,2026-09-08T10:02:00+08:00,31.26,2.47e-09,0.0032,58.4,4.78,EXCELLENT
LM-001901,LK-0381,2026-09-08T08:03:00+08:00,13.63,3.79e-04,0.0796,107.0,2.34,WARNING
LM-001902,LK-0381,2026-09-08T08:42:00+08:00,16.6,5.07e-05,0.0464,76.5,3.04,WARNING
LM-001903,LK-0381,2026-09-08T09:03:00+08:00,16.53,5.34e-05,0.047,81.9,3.02,WARNING
LM-001904,LK-0381,2026-09-08T09:32:00+08:00,11.66,1.44e-03,0.1139,124.4,1.87,FAULT
LM-001905,LK-0381,2026-09-08T10:11:00+08:00,13.79,3.40e-04,0.0773,99.9,2.37,WARNING
LM-001906,LK-0382,2026-09-08T08:04:00+08:00,27.93,2.37e-08,0.0059,55.0,63.62,GOOD
LM-001907,LK-0382,2026-09-08T08:33:00+08:00,27.93,2.36e-08,0.0059,53.4,63.62,GOOD
LM-001908,LK-0382,2026-09-08T09:02:00+08:00,25.9,9.33e-08,0.0086,65.0,63.45,GOOD
LM-001909,LK-0382,2026-09-08T09:30:00+08:00,25.38,1.33e-07,0.0094,62.7,63.4,GOOD
LM-001910,LK-0382,2026-09-08T10:05:00+08:00,18.94,1.04e-05,0.0303,73.9,47.77,WARNING
LM-001911,LK-0383,2026-09-08T08:05:00+08:00,56.68,1.00e-09,0.0,49.4,4.8,EXCELLENT
LM-001912,LK-0383,2026-09-08T08:40:00+08:00,58.7,1.00e-09,0.0,58.5,4.8,EXCELLENT
LM-001913,LK-0383,2026-09-08T09:01:00+08:00,61.59,1.00e-09,0.0,57.1,4.8,EXCELLENT
LM-001914,LK-0383,2026-09-08T09:41:00+08:00,49.1,1.00e-09,0.0001,48.8,4.8,EXCELLENT
LM-001915,LK-0383,2026-09-08T10:00:00+08:00,58.71,1.00e-09,0.0,61.9,4.8,EXCELLENT
LM-001916,LK-0384,2026-09-08T08:07:00+08:00,27.47,3.23e-08,0.0064,62.2,63.59,GOOD
LM-001917,LK-0384,2026-09-08T08:31:00+08:00,28.85,1.27e-08,0.005,60.1,63.68,GOOD
LM-001918,LK-0384,2026-09-08T09:08:00+08:00,21.48,1.86e-06,0.0191,73.2,55.59,WARNING
LM-001919,LK-0384,2026-09-08T09:41:00+08:00,25.47,1.25e-07,0.0092,65.7,63.41,GOOD
LM-001920,LK-0384,2026-09-08T10:10:00+08:00,31.56,2.03e-09,0.0031,63.2,63.8,GOOD
LM-001921,LK-0385,2026-09-08T08:11:00+08:00,6.74,4.02e-02,0.2784,227.9,0.75,FAULT
LM-001922,LK-0385,2026-09-08T08:39:00+08:00,17.25,3.28e-05,0.0412,75.0,3.19,WARNING
LM-001923,LK-0385,2026-09-08T09:04:00+08:00,18.5,1.41e-05,0.0329,71.1,3.48,WARNING
LM-001924,LK-0385,2026-09-08T09:39:00+08:00,21.92,1.38e-06,0.0176,70.9,4.27,GOOD
LM-001925,LK-0385,2026-09-08T10:01:00+08:00,26.82,5.03e-08,0.0072,58.9,4.77,GOOD
LM-001926,LK-0386,2026-09-08T08:02:00+08:00,19.24,8.50e-06,0.0287,78.6,3.65,WARNING
LM-001927,LK-0386,2026-09-08T08:32:00+08:00,24.52,2.37e-07,0.011,66.3,4.75,GOOD
LM-001928,LK-0386,2026-09-08T09:11:00+08:00,28.91,1.22e-08,0.005,63.8,4.78,GOOD
LM-001929,LK-0386,2026-09-08T09:37:00+08:00,24.32,2.72e-07,0.0114,69.5,4.75,GOOD
LM-001930,LK-0386,2026-09-08T10:04:00+08:00,28.48,1.62e-08,0.0053,63.7,4.77,GOOD
LM-001931,LK-0387,2026-09-08T08:10:00+08:00,23.42,5.00e-07,0.0134,66.6,4.61,GOOD
LM-001932,LK-0387,2026-09-08T08:34:00+08:00,24.16,3.04e-07,0.0117,67.7,4.74,GOOD
LM-001933,LK-0387,2026-09-08T09:08:00+08:00,18.65,1.26e-05,0.0319,73.8,3.52,WARNING
LM-001934,LK-0387,2026-09-08T09:41:00+08:00,27.58,3.00e-08,0.0063,61.5,4.77,GOOD
LM-001935,LK-0387,2026-09-08T10:06:00+08:00,26.54,6.07e-08,0.0076,58.9,4.76,GOOD
LM-001936,LK-0388,2026-09-08T08:03:00+08:00,20.86,2.84e-06,0.0214,71.0,4.03,GOOD
LM-001937,LK-0388,2026-09-08T08:35:00+08:00,25.26,1.44e-07,0.0096,59.5,4.75,GOOD
LM-001938,LK-0388,2026-09-08T09:11:00+08:00,18.04,1.91e-05,0.0357,82.4,3.38,WARNING
LM-001939,LK-0388,2026-09-08T09:35:00+08:00,13.46,4.26e-04,0.0821,105.5,2.3,WARNING
LM-001940,LK-0388,2026-09-08T10:06:00+08:00,23.8,3.89e-07,0.0125,68.7,4.7,GOOD
LM-001941,LK-0389,2026-09-08T08:00:00+08:00,17.4,2.96e-05,0.0401,86.9,42.99,FAULT
LM-001942,LK-0389,2026-09-08T08:41:00+08:00,22.16,1.18e-06,0.0169,72.6,57.65,WARNING
LM-001943,LK-0389,2026-09-08T09:09:00+08:00,23.83,3.79e-07,0.0125,59.8,62.72,WARNING
LM-001944,LK-0389,2026-09-08T09:42:00+08:00,22.95,6.91e-07,0.0146,59.1,60.04,WARNING
LM-001945,LK-0389,2026-09-08T10:12:00+08:00,20.72,3.13e-06,0.022,73.4,53.25,WARNING
LM-001946,LK-0390,2026-09-08T08:03:00+08:00,10.65,2.85e-03,0.1368,142.0,1.63,FAULT
LM-001947,LK-0390,2026-09-08T08:38:00+08:00,25.27,1.44e-07,0.0096,56.2,4.75,GOOD
LM-001948,LK-0390,2026-09-08T09:06:00+08:00,21.93,1.37e-06,0.0176,63.4,4.27,GOOD
LM-001949,LK-0390,2026-09-08T09:33:00+08:00,27.44,3.28e-08,0.0065,56.6,4.77,GOOD
LM-001950,LK-0390,2026-09-08T10:12:00+08:00,19.23,8.57e-06,0.0288,73.1,3.65,WARNING
LM-001951,LK-0391,2026-09-08T08:04:00+08:00,20.22,4.39e-06,0.024,67.0,3.88,GOOD
LM-001952,LK-0391,2026-09-08T08:40:00+08:00,26.72,5.35e-08,0.0074,56.3,4.76,GOOD
LM-001953,LK-0391,2026-09-08T09:02:00+08:00,23.08,6.33e-07,0.0143,62.9,4.53,GOOD
LM-001954,LK-0391,2026-09-08T09:40:00+08:00,37.55,1.00e-09,0.001,58.1,4.8,EXCELLENT
LM-001955,LK-0391,2026-09-08T10:07:00+08:00,21.98,1.33e-06,0.0175,60.7,4.28,GOOD
LM-001956,LK-0392,2026-09-08T08:08:00+08:00,27.26,3.71e-08,0.0067,67.4,4.77,GOOD
LM-001957,LK-0392,2026-09-08T08:42:00+08:00,24.11,3.15e-07,0.0119,67.0,4.74,GOOD
LM-001958,LK-0392,2026-09-08T09:07:00+08:00,18.65,1.27e-05,0.032,74.9,3.52,WARNING
LM-001959,LK-0392,2026-09-08T09:30:00+08:00,15.84,8.53e-05,0.0533,86.1,2.86,WARNING
LM-001960,LK-0392,2026-09-08T10:02:00+08:00,15.4,1.14e-04,0.0577,98.5,2.76,WARNING
LM-001961,LK-0393,2026-09-08T08:05:00+08:00,25.25,1.46e-07,0.0096,56.9,4.75,GOOD
LM-001962,LK-0393,2026-09-08T08:37:00+08:00,25.09,1.62e-07,0.0099,59.3,4.75,GOOD
LM-001963,LK-0393,2026-09-08T09:00:00+08:00,16.95,4.02e-05,0.0436,86.1,3.12,WARNING
LM-001964,LK-0393,2026-09-08T09:36:00+08:00,17.11,3.60e-05,0.0423,81.5,3.16,WARNING
LM-001965,LK-0393,2026-09-08T10:04:00+08:00,19.57,6.81e-06,0.0271,69.2,3.73,WARNING
LM-001966,LK-0394,2026-09-08T08:06:00+08:00,14.09,2.78e-04,0.0732,96.7,2.44,WARNING
LM-001967,LK-0394,2026-09-08T08:39:00+08:00,9.43,6.52e-03,0.1708,162.6,1.34,FAULT
LM-001968,LK-0394,2026-09-08T09:06:00+08:00,7.13,3.11e-02,0.2597,222.6,0.83,FAULT
LM-001969,LK-0394,2026-09-08T09:37:00+08:00,22.79,7.68e-07,0.0151,69.8,4.47,GOOD
LM-001970,LK-0394,2026-09-08T10:07:00+08:00,7.68,2.13e-02,0.2348,202.3,0.95,FAULT
LM-001971,LK-0395,2026-09-08T08:01:00+08:00,24.62,2.22e-07,0.0108,67.1,4.75,GOOD
LM-001972,LK-0395,2026-09-08T08:30:00+08:00,20.45,3.74e-06,0.023,77.6,3.93,GOOD
LM-001973,LK-0395,2026-09-08T09:04:00+08:00,13.17,5.20e-04,0.0866,116.3,2.23,WARNING
LM-001974,LK-0395,2026-09-08T09:35:00+08:00,27.19,3.90e-08,0.0068,54.4,4.77,GOOD
LM-001975,LK-0395,2026-09-08T10:00:00+08:00,18.91,1.06e-05,0.0305,74.2,3.58,WARNING
LM-001976,LK-0396,2026-09-08T08:01:00+08:00,10.56,3.04e-03,0.1392,140.2,21.43,FAULT
LM-001977,LK-0396,2026-09-08T08:40:00+08:00,13.81,3.37e-04,0.0771,102.2,31.7,FAULT
LM-001978,LK-0396,2026-09-08T09:00:00+08:00,16.52,5.35e-05,0.047,81.1,40.26,FAULT
LM-001979,LK-0396,2026-09-08T09:42:00+08:00,9.64,5.67e-03,0.1645,162.4,18.56,FAULT
LM-001980,LK-0396,2026-09-08T10:07:00+08:00,13.77,3.44e-04,0.0776,98.4,31.6,FAULT
LM-001981,LK-0397,2026-09-08T08:05:00+08:00,17.84,2.19e-05,0.037,84.2,3.33,WARNING
LM-001982,LK-0397,2026-09-08T08:34:00+08:00,17.13,3.56e-05,0.0422,79.6,3.16,WARNING
LM-001983,LK-0397,2026-09-08T09:10:00+08:00,24.19,2.97e-07,0.0117,67.0,4.74,GOOD
LM-001984,LK-0397,2026-09-08T09:42:00+08:00,9.16,7.84e-03,0.1795,172.2,1.28,FAULT
LM-001985,LK-0397,2026-09-08T10:10:00+08:00,26.03,8.55e-08,0.0084,59.9,4.76,GOOD
LM-001986,LK-0398,2026-09-08T08:06:00+08:00,26.82,5.00e-08,0.0072,59.5,4.77,GOOD
LM-001987,LK-0398,2026-09-08T08:37:00+08:00,23.16,5.97e-07,0.0141,60.6,4.55,GOOD
LM-001988,LK-0398,2026-09-08T09:00:00+08:00,25.57,1.17e-07,0.0091,56.5,4.76,GOOD
LM-001989,LK-0398,2026-09-08T09:39:00+08:00,17.35,3.05e-05,0.0405,86.4,3.21,WARNING
LM-001990,LK-0398,2026-09-08T10:06:00+08:00,14.53,2.07e-04,0.0676,98.1,2.55,WARNING
LM-001991,LK-0399,2026-09-08T08:04:00+08:00,15.72,9.25e-05,0.0545,97.8,2.83,WARNING
LM-001992,LK-0399,2026-09-08T08:34:00+08:00,11.01,2.25e-03,0.1283,134.7,1.71,FAULT
LM-001993,LK-0399,2026-09-08T09:01:00+08:00,17.41,2.93e-05,0.04,80.3,3.23,WARNING
LM-001994,LK-0399,2026-09-08T09:39:00+08:00,18.86,1.10e-05,0.0308,79.3,3.56,WARNING
LM-001995,LK-0399,2026-09-08T10:11:00+08:00,18.65,1.27e-05,0.032,71.6,3.52,WARNING
LM-001996,LK-0400,2026-09-08T08:12:00+08:00,16.96,3.97e-05,0.0434,85.0,3.12,WARNING
LM-001997,LK-0400,2026-09-08T08:31:00+08:00,29.07,1.09e-08,0.0048,64.2,4.78,GOOD
LM-001998,LK-0400,2026-09-08T09:11:00+08:00,21.27,2.15e-06,0.0199,63.4,4.12,GOOD
LM-001999,LK-0400,2026-09-08T09:37:00+08:00,21.78,1.52e-06,0.0181,72.8,4.24,GOOD
LM-002000,LK-0400,2026-09-08T10:02:00+08:00,30.67,3.70e-09,0.0036,59.7,4.78,EXCELLENT
LM-002001,LK-0401,2026-09-08T08:09:00+08:00,21.48,1.86e-06,0.0191,69.6,55.59,WARNING
LM-002002,LK-0401,2026-09-08T08:30:00+08:00,20.56,3.49e-06,0.0226,68.9,52.76,WARNING
LM-002003,LK-0401,2026-09-08T09:10:00+08:00,19.64,6.50e-06,0.0267,77.2,49.93,WARNING
LM-002004,LK-0401,2026-09-08T09:32:00+08:00,20.54,3.52e-06,0.0227,76.9,52.71,WARNING
LM-002005,LK-0401,2026-09-08T10:04:00+08:00,19.67,6.34e-06,0.0265,67.1,50.05,WARNING
LM-002006,LK-0402,2026-09-08T08:04:00+08:00,63.01,1.00e-09,0.0,54.3,4.8,EXCELLENT
LM-002007,LK-0402,2026-09-08T08:34:00+08:00,68.04,1.00e-09,0.0,58.9,4.8,EXCELLENT
LM-002008,LK-0402,2026-09-08T09:03:00+08:00,50.92,1.00e-09,0.0001,57.4,4.8,EXCELLENT
LM-002009,LK-0402,2026-09-08T09:39:00+08:00,72.0,1.00e-09,0.0,59.8,4.8,EXCELLENT
LM-002010,LK-0402,2026-09-08T10:12:00+08:00,60.74,1.00e-09,0.0,55.8,4.8,EXCELLENT
LM-002011,LK-0403,2026-09-08T08:07:00+08:00,35.51,1.00e-09,0.0015,54.2,4.79,EXCELLENT
LM-002012,LK-0403,2026-09-08T08:35:00+08:00,36.14,1.00e-09,0.0013,58.5,4.79,EXCELLENT
LM-002013,LK-0403,2026-09-08T09:12:00+08:00,24.77,2.00e-07,0.0105,66.6,4.75,GOOD
LM-002014,LK-0403,2026-09-08T09:39:00+08:00,27.34,3.53e-08,0.0066,63.4,4.77,GOOD
LM-002015,LK-0403,2026-09-08T10:04:00+08:00,39.63,1.00e-09,0.0007,60.5,4.8,EXCELLENT
LM-002016,LK-0404,2026-09-08T08:06:00+08:00,17.03,3.80e-05,0.0429,87.4,3.14,WARNING
LM-002017,LK-0404,2026-09-08T08:33:00+08:00,11.75,1.36e-03,0.112,124.1,1.89,FAULT
LM-002018,LK-0404,2026-09-08T09:12:00+08:00,4.55,1.78e-01,0.4149,311.7,0.33,FAULT
LM-002019,LK-0404,2026-09-08T09:39:00+08:00,20.23,4.35e-06,0.024,66.1,3.88,GOOD
LM-002020,LK-0404,2026-09-08T10:06:00+08:00,14.86,1.66e-04,0.0637,102.3,2.63,WARNING
LM-002021,LK-0405,2026-09-08T08:01:00+08:00,20.73,3.10e-06,0.0219,69.7,4.0,GOOD
LM-002022,LK-0405,2026-09-08T08:30:00+08:00,14.52,2.08e-04,0.0677,99.6,2.55,WARNING
LM-002023,LK-0405,2026-09-08T09:01:00+08:00,23.59,4.46e-07,0.013,72.4,4.65,GOOD
LM-002024,LK-0405,2026-09-08T09:38:00+08:00,22.75,7.91e-07,0.0152,63.2,4.46,GOOD
LM-002025,LK-0405,2026-09-08T10:01:00+08:00,14.1,2.77e-04,0.0731,109.1,2.45,WARNING
LM-002026,LK-0406,2026-09-08T08:03:00+08:00,57.89,1.00e-09,0.0,56.4,64.0,EXCELLENT
LM-002027,LK-0406,2026-09-08T08:41:00+08:00,58.37,1.00e-09,0.0,56.2,64.0,EXCELLENT
LM-002028,LK-0406,2026-09-08T09:00:00+08:00,54.11,1.00e-09,0.0001,64.5,64.0,EXCELLENT
LM-002029,LK-0406,2026-09-08T09:36:00+08:00,58.45,1.00e-09,0.0,58.7,64.0,EXCELLENT
LM-002030,LK-0406,2026-09-08T10:01:00+08:00,56.63,1.00e-09,0.0,63.7,64.0,EXCELLENT
LM-002031,LK-0407,2026-09-08T08:11:00+08:00,67.12,1.00e-09,0.0,56.6,64.0,EXCELLENT
LM-002032,LK-0407,2026-09-08T08:38:00+08:00,66.11,1.00e-09,0.0,52.1,64.0,EXCELLENT
LM-002033,LK-0407,2026-09-08T09:12:00+08:00,67.26,1.00e-09,0.0,60.9,64.0,EXCELLENT
LM-002034,LK-0407,2026-09-08T09:34:00+08:00,61.13,1.00e-09,0.0,55.4,64.0,EXCELLENT
LM-002035,LK-0407,2026-09-08T10:03:00+08:00,67.98,1.00e-09,0.0,52.6,64.0,EXCELLENT
LM-002036,LK-0408,2026-09-08T08:12:00+08:00,21.49,1.85e-06,0.0191,75.3,55.61,WARNING
LM-002037,LK-0408,2026-09-08T08:33:00+08:00,21.6,1.72e-06,0.0187,71.5,55.95,WARNING
LM-002038,LK-0408,2026-09-08T09:06:00+08:00,22.22,1.13e-06,0.0167,68.1,57.83,WARNING
LM-002039,LK-0408,2026-09-08T09:30:00+08:00,23.61,4.40e-07,0.013,72.1,62.05,WARNING
LM-002040,LK-0408,2026-09-08T10:07:00+08:00,22.9,7.12e-07,0.0148,72.7,59.91,WARNING
LM-002041,LK-0409,2026-09-08T08:12:00+08:00,19.41,7.57e-06,0.0278,79.5,3.69,WARNING
LM-002042,LK-0409,2026-09-08T08:39:00+08:00,21.3,2.10e-06,0.0197,64.8,4.13,GOOD
LM-002043,LK-0409,2026-09-08T09:00:00+08:00,21.32,2.07e-06,0.0197,77.8,4.13,GOOD
LM-002044,LK-0409,2026-09-08T09:33:00+08:00,22.77,7.80e-07,0.0151,66.6,4.46,GOOD
LM-002045,LK-0409,2026-09-08T10:12:00+08:00,27.41,3.36e-08,0.0065,58.7,4.77,GOOD
LM-002046,LK-0410,2026-09-08T08:10:00+08:00,14.32,2.38e-04,0.0702,98.0,2.5,WARNING
LM-002047,LK-0410,2026-09-08T08:38:00+08:00,12.17,1.02e-03,0.1038,126.6,1.99,FAULT
LM-002048,LK-0410,2026-09-08T09:05:00+08:00,16.1,7.12e-05,0.0508,95.6,2.92,WARNING
LM-002049,LK-0410,2026-09-08T09:34:00+08:00,20.12,4.67e-06,0.0244,71.0,3.86,GOOD
LM-002050,LK-0410,2026-09-08T10:09:00+08:00,15.11,1.40e-04,0.0609,94.5,2.69,WARNING
LM-002051,LK-0411,2026-09-08T08:04:00+08:00,24.38,2.62e-07,0.0113,63.0,4.75,GOOD
LM-002052,LK-0411,2026-09-08T08:36:00+08:00,26.55,6.03e-08,0.0076,57.7,4.76,GOOD
LM-002053,LK-0411,2026-09-08T09:04:00+08:00,12.52,8.08e-04,0.0975,125.6,2.07,FAULT
LM-002054,LK-0411,2026-09-08T09:32:00+08:00,34.58,1.00e-09,0.0018,57.3,4.79,EXCELLENT
LM-002055,LK-0411,2026-09-08T10:09:00+08:00,15.42,1.13e-04,0.0575,96.0,2.76,WARNING
LM-002056,LK-0412,2026-09-08T08:09:00+08:00,23.13,6.11e-07,0.0142,67.2,4.54,GOOD
LM-002057,LK-0412,2026-09-08T08:39:00+08:00,21.7,1.61e-06,0.0184,68.8,4.22,GOOD
LM-002058,LK-0412,2026-09-08T09:03:00+08:00,28.56,1.54e-08,0.0053,65.0,4.77,GOOD
LM-002059,LK-0412,2026-09-08T09:41:00+08:00,32.17,1.33e-09,0.0027,68.0,4.79,EXCELLENT
LM-002060,LK-0412,2026-09-08T10:00:00+08:00,16.07,7.25e-05,0.0511,85.5,2.91,WARNING
LM-002061,LK-0413,2026-09-08T08:09:00+08:00,21.28,2.14e-06,0.0198,70.5,54.96,WARNING
LM-002062,LK-0413,2026-09-08T08:34:00+08:00,14.38,2.28e-04,0.0695,100.9,33.52,FAULT
LM-002063,LK-0413,2026-09-08T09:02:00+08:00,21.32,2.08e-06,0.0197,69.9,55.1,WARNING
LM-002064,LK-0413,2026-09-08T09:39:00+08:00,17.61,2.57e-05,0.0386,87.4,43.65,FAULT
LM-002065,LK-0413,2026-09-08T10:03:00+08:00,25.48,1.24e-07,0.0092,68.3,63.41,GOOD
LM-002066,LK-0414,2026-09-08T08:06:00+08:00,41.96,1.00e-09,0.0005,64.8,63.97,EXCELLENT
LM-002067,LK-0414,2026-09-08T08:36:00+08:00,37.55,1.00e-09,0.001,60.4,63.93,EXCELLENT
LM-002068,LK-0414,2026-09-08T09:09:00+08:00,47.71,1.00e-09,0.0002,66.2,63.99,EXCELLENT
LM-002069,LK-0414,2026-09-08T09:30:00+08:00,44.2,1.00e-09,0.0003,58.3,63.98,EXCELLENT
LM-002070,LK-0414,2026-09-08T10:12:00+08:00,38.4,1.00e-09,0.0009,57.6,63.94,EXCELLENT
LM-002071,LK-0415,2026-09-08T08:10:00+08:00,46.64,1.00e-09,0.0002,55.7,63.99,EXCELLENT
LM-002072,LK-0415,2026-09-08T08:36:00+08:00,50.5,1.00e-09,0.0001,57.3,63.99,EXCELLENT
LM-002073,LK-0415,2026-09-08T09:04:00+08:00,42.3,1.00e-09,0.0004,60.1,63.97,EXCELLENT
LM-002074,LK-0415,2026-09-08T09:30:00+08:00,42.55,1.00e-09,0.0004,63.2,63.97,EXCELLENT
LM-002075,LK-0415,2026-09-08T10:09:00+08:00,43.25,1.00e-09,0.0004,63.7,63.98,EXCELLENT
LM-002076,LK-0416,2026-09-08T08:04:00+08:00,55.02,1.00e-09,0.0,54.4,4.8,EXCELLENT
LM-002077,LK-0416,2026-09-08T08:35:00+08:00,68.93,1.00e-09,0.0,62.5,4.8,EXCELLENT
LM-002078,LK-0416,2026-09-08T09:07:00+08:00,63.79,1.00e-09,0.0,58.0,4.8,EXCELLENT
LM-002079,LK-0416,2026-09-08T09:42:00+08:00,60.09,1.00e-09,0.0,60.4,4.8,EXCELLENT
LM-002080,LK-0416,2026-09-08T10:12:00+08:00,62.62,1.00e-09,0.0,59.0,4.8,EXCELLENT
LM-002081,LK-0417,2026-09-08T08:02:00+08:00,19.32,8.06e-06,0.0283,73.9,48.96,WARNING
LM-002082,LK-0417,2026-09-08T08:34:00+08:00,20.18,4.50e-06,0.0242,81.1,51.61,WARNING
LM-002083,LK-0417,2026-09-08T09:08:00+08:00,14.13,2.70e-04,0.0727,101.8,32.73,FAULT
LM-002084,LK-0417,2026-09-08T09:37:00+08:00,22.93,6.97e-07,0.0147,68.3,60.0,WARNING
LM-002085,LK-0417,2026-09-08T10:04:00+08:00,17.46,2.83e-05,0.0397,88.7,43.2,FAULT
LM-002086,LK-0418,2026-09-08T08:05:00+08:00,25.64,1.11e-07,0.009,71.5,63.43,GOOD
LM-002087,LK-0418,2026-09-08T08:30:00+08:00,23.57,4.53e-07,0.0131,74.4,61.93,WARNING
LM-002088,LK-0418,2026-09-08T09:05:00+08:00,24.38,2.62e-07,0.0113,61.5,63.28,WARNING
LM-002089,LK-0418,2026-09-08T09:34:00+08:00,25.27,1.43e-07,0.0096,72.6,63.39,GOOD
LM-002090,LK-0418,2026-09-08T10:10:00+08:00,24.91,1.83e-07,0.0102,70.8,63.34,WARNING
LM-002091,LK-0419,2026-09-08T08:04:00+08:00,22.82,7.53e-07,0.015,69.2,4.47,GOOD
LM-002092,LK-0419,2026-09-08T08:40:00+08:00,9.75,5.27e-03,0.1613,154.7,1.42,FAULT
LM-002093,LK-0419,2026-09-08T09:07:00+08:00,9.78,5.16e-03,0.1604,159.3,1.42,FAULT
LM-002094,LK-0419,2026-09-08T09:31:00+08:00,25.52,1.21e-07,0.0092,67.2,4.76,GOOD
LM-002095,LK-0419,2026-09-08T10:01:00+08:00,7.34,2.68e-02,0.2497,217.2,0.87,FAULT
LM-002096,LK-0420,2026-09-08T08:07:00+08:00,26.48,6.30e-08,0.0077,60.5,4.76,GOOD
LM-002097,LK-0420,2026-09-08T08:40:00+08:00,36.42,1.00e-09,0.0013,58.0,4.79,EXCELLENT
LM-002098,LK-0420,2026-09-08T09:06:00+08:00,24.35,2.67e-07,0.0113,64.3,4.75,GOOD
LM-002099,LK-0420,2026-09-08T09:40:00+08:00,34.77,1.00e-09,0.0017,55.9,4.79,EXCELLENT
LM-002100,LK-0420,2026-09-08T10:01:00+08:00,29.32,9.24e-09,0.0046,64.7,4.78,GOOD
LM-002101,LK-0421,2026-09-08T08:05:00+08:00,15.96,7.85e-05,0.0521,89.8,2.89,WARNING
LM-002102,LK-0421,2026-09-08T08:30:00+08:00,13.34,4.62e-04,0.0839,110.0,2.27,WARNING
LM-002103,LK-0421,2026-09-08T09:04:00+08:00,18.59,1.32e-05,0.0323,79.2,3.5,WARNING
LM-002104,LK-0421,2026-09-08T09:31:00+08:00,16.24,6.48e-05,0.0495,86.0,2.95,WARNING
LM-002105,LK-0421,2026-09-08T10:03:00+08:00,19.36,7.84e-06,0.0281,77.6,3.68,WARNING
LM-002106,LK-0422,2026-09-08T08:07:00+08:00,11.79,1.32e-03,0.1112,134.8,25.32,FAULT
LM-002107,LK-0422,2026-09-08T08:33:00+08:00,12.4,8.72e-04,0.0995,123.1,27.25,FAULT
LM-002108,LK-0422,2026-09-08T09:11:00+08:00,14.82,1.70e-04,0.0641,103.8,34.9,FAULT
LM-002109,LK-0422,2026-09-08T09:36:00+08:00,14.54,2.05e-04,0.0674,109.3,34.03,FAULT
LM-002110,LK-0422,2026-09-08T10:00:00+08:00,11.01,2.24e-03,0.1282,145.7,22.85,FAULT
LM-002111,LK-0423,2026-09-08T08:01:00+08:00,24.19,2.98e-07,0.0117,70.7,4.74,GOOD
LM-002112,LK-0423,2026-09-08T08:33:00+08:00,31.01,2.93e-09,0.0034,64.0,4.78,EXCELLENT
LM-002113,LK-0423,2026-09-08T09:00:00+08:00,26.23,7.50e-08,0.0081,72.6,4.76,GOOD
LM-002114,LK-0423,2026-09-08T09:38:00+08:00,27.01,4.42e-08,0.007,63.0,4.77,GOOD
LM-002115,LK-0423,2026-09-08T10:04:00+08:00,31.36,2.32e-09,0.0032,64.6,4.78,EXCELLENT
LM-002116,LK-0424,2026-09-08T08:12:00+08:00,21.33,2.06e-06,0.0196,75.9,4.14,GOOD
LM-002117,LK-0424,2026-09-08T08:42:00+08:00,15.17,1.34e-04,0.0602,92.3,2.7,WARNING
LM-002118,LK-0424,2026-09-08T09:04:00+08:00,17.94,2.05e-05,0.0364,77.6,3.35,WARNING
LM-002119,LK-0424,2026-09-08T09:32:00+08:00,25.71,1.06e-07,0.0089,66.7,4.76,GOOD
LM-002120,LK-0424,2026-09-08T10:09:00+08:00,25.27,1.43e-07,0.0096,70.2,4.75,GOOD
LM-002121,LK-0425,2026-09-08T08:00:00+08:00,29.34,9.09e-09,0.0046,66.8,4.78,GOOD
LM-002122,LK-0425,2026-09-08T08:38:00+08:00,21.08,2.44e-06,0.0205,80.1,4.08,GOOD
LM-002123,LK-0425,2026-09-08T09:10:00+08:00,30.34,4.62e-09,0.0038,65.3,4.78,EXCELLENT
LM-002124,LK-0425,2026-09-08T09:37:00+08:00,18.02,1.95e-05,0.0359,88.6,3.37,WARNING
LM-002125,LK-0425,2026-09-08T10:03:00+08:00,22.18,1.16e-06,0.0168,73.1,4.33,GOOD
LM-002126,LK-0426,2026-09-08T08:10:00+08:00,21.2,2.25e-06,0.0201,75.1,54.73,WARNING
LM-002127,LK-0426,2026-09-08T08:32:00+08:00,18.76,1.18e-05,0.0313,84.8,47.22,WARNING
LM-002128,LK-0426,2026-09-08T09:09:00+08:00,18.51,1.40e-05,0.0328,88.2,46.44,WARNING
LM-002129,LK-0426,2026-09-08T09:40:00+08:00,21.74,1.57e-06,0.0182,65.7,56.37,WARNING
LM-002130,LK-0426,2026-09-08T10:10:00+08:00,24.6,2.25e-07,0.0108,62.1,63.31,WARNING
LM-002131,LK-0427,2026-09-08T08:11:00+08:00,59.52,1.00e-09,0.0,58.0,64.0,EXCELLENT
LM-002132,LK-0427,2026-09-08T08:37:00+08:00,58.17,1.00e-09,0.0,59.4,64.0,EXCELLENT
LM-002133,LK-0427,2026-09-08T09:08:00+08:00,58.46,1.00e-09,0.0,56.0,64.0,EXCELLENT
LM-002134,LK-0427,2026-09-08T09:30:00+08:00,57.48,1.00e-09,0.0,64.7,64.0,EXCELLENT
LM-002135,LK-0427,2026-09-08T10:11:00+08:00,61.34,1.00e-09,0.0,67.3,64.0,EXCELLENT
LM-002136,LK-0428,2026-09-08T08:10:00+08:00,38.02,1.00e-09,0.0009,59.4,63.94,EXCELLENT
LM-002137,LK-0428,2026-09-08T08:40:00+08:00,33.48,1.00e-09,0.0022,64.5,63.86,GOOD
LM-002138,LK-0428,2026-09-08T09:06:00+08:00,34.63,1.00e-09,0.0017,69.7,63.89,GOOD
LM-002139,LK-0428,2026-09-08T09:31:00+08:00,31.97,1.53e-09,0.0028,57.4,63.82,GOOD
LM-002140,LK-0428,2026-09-08T10:10:00+08:00,31.33,2.36e-09,0.0032,71.2,63.8,GOOD
LM-002141,LK-0429,2026-09-08T08:08:00+08:00,44.48,1.00e-09,0.0003,64.4,63.98,EXCELLENT
LM-002142,LK-0429,2026-09-08T08:37:00+08:00,48.1,1.00e-09,0.0002,57.6,63.99,EXCELLENT
LM-002143,LK-0429,2026-09-08T09:01:00+08:00,51.8,1.00e-09,0.0001,66.4,64.0,EXCELLENT
LM-002144,LK-0429,2026-09-08T09:40:00+08:00,46.82,1.00e-09,0.0002,57.0,63.99,EXCELLENT
LM-002145,LK-0429,2026-09-08T10:02:00+08:00,50.67,1.00e-09,0.0001,59.3,63.99,EXCELLENT
LM-002146,LK-0430,2026-09-08T08:09:00+08:00,19.16,8.96e-06,0.0291,86.7,48.47,WARNING
LM-002147,LK-0430,2026-09-08T08:33:00+08:00,14.38,2.29e-04,0.0695,101.4,33.51,FAULT
LM-002148,LK-0430,2026-09-08T09:03:00+08:00,13.36,4.55e-04,0.0836,121.3,30.29,FAULT
LM-002149,LK-0430,2026-09-08T09:34:00+08:00,12.1,1.07e-03,0.1052,132.6,26.28,FAULT
LM-002150,LK-0430,2026-09-08T10:03:00+08:00,12.9,6.23e-04,0.0909,113.5,28.82,FAULT
LM-002151,LK-0431,2026-09-08T08:12:00+08:00,27.78,2.62e-08,0.0061,73.0,63.61,GOOD
LM-002152,LK-0431,2026-09-08T08:35:00+08:00,29.07,1.09e-08,0.0048,72.4,63.69,GOOD
LM-002153,LK-0431,2026-09-08T09:10:00+08:00,23.44,4.96e-07,0.0134,68.3,61.52,WARNING
LM-002154,LK-0431,2026-09-08T09:33:00+08:00,23.56,4.54e-07,0.0131,77.4,61.91,WARNING
LM-002155,LK-0431,2026-09-08T10:03:00+08:00,28.87,1.25e-08,0.005,70.5,63.68,GOOD
LM-002156,LK-0432,2026-09-08T08:04:00+08:00,13.32,4.68e-04,0.0842,111.6,2.26,WARNING
LM-002157,LK-0432,2026-09-08T08:32:00+08:00,9.4,6.67e-03,0.1719,178.9,1.34,FAULT
LM-002158,LK-0432,2026-09-08T09:08:00+08:00,12.5,8.18e-04,0.0978,124.3,2.07,FAULT
LM-002159,LK-0432,2026-09-08T09:42:00+08:00,13.23,4.99e-04,0.0857,114.7,2.24,WARNING
LM-002160,LK-0432,2026-09-08T10:08:00+08:00,14.73,1.80e-04,0.0651,102.7,2.6,WARNING
LM-002161,LK-0433,2026-09-08T08:11:00+08:00,7.0,3.39e-02,0.2659,226.7,0.8,FAULT
LM-002162,LK-0433,2026-09-08T08:39:00+08:00,14.13,2.71e-04,0.0727,106.2,2.45,WARNING
LM-002163,LK-0433,2026-09-08T09:06:00+08:00,22.98,6.75e-07,0.0145,69.4,4.51,GOOD
LM-002164,LK-0433,2026-09-08T09:34:00+08:00,13.93,3.11e-04,0.0754,109.6,2.41,WARNING
LM-002165,LK-0433,2026-09-08T10:08:00+08:00,17.32,3.13e-05,0.0407,86.4,3.21,WARNING
LM-002166,LK-0434,2026-09-08T08:01:00+08:00,32.17,1.34e-09,0.0027,71.4,63.82,GOOD
LM-002167,LK-0434,2026-09-08T08:35:00+08:00,30.93,3.09e-09,0.0034,71.9,63.78,GOOD
LM-002168,LK-0434,2026-09-08T09:04:00+08:00,41.41,1.00e-09,0.0005,67.8,63.97,EXCELLENT
LM-002169,LK-0434,2026-09-08T09:35:00+08:00,32.44,1.12e-09,0.0026,62.4,63.83,GOOD
LM-002170,LK-0434,2026-09-08T10:10:00+08:00,31.34,2.35e-09,0.0032,67.1,63.8,GOOD
LM-002171,LK-0435,2026-09-08T08:07:00+08:00,53.55,1.00e-09,0.0001,62.1,64.0,EXCELLENT
LM-002172,LK-0435,2026-09-08T08:42:00+08:00,45.59,1.00e-09,0.0002,63.7,63.98,EXCELLENT
LM-002173,LK-0435,2026-09-08T09:12:00+08:00,54.3,1.00e-09,0.0,66.7,64.0,EXCELLENT
LM-002174,LK-0435,2026-09-08T09:37:00+08:00,51.48,1.00e-09,0.0001,66.0,63.99,EXCELLENT
LM-002175,LK-0435,2026-09-08T10:04:00+08:00,51.6,1.00e-09,0.0001,63.3,63.99,EXCELLENT
LM-002176,LK-0436,2026-09-08T08:06:00+08:00,-0.26,4.61e+00,0.98,671.9,0.0,FAULT
LM-002177,LK-0436,2026-09-08T08:33:00+08:00,-2.25,1.78e+01,0.98,672.2,0.0,FAULT
LM-002178,LK-0436,2026-09-08T09:10:00+08:00,0.36,3.03e+00,0.8882,614.2,0.0,FAULT
LM-002179,LK-0436,2026-09-08T09:32:00+08:00,-5.72,1.87e+02,0.98,681.5,0.0,FAULT
LM-002180,LK-0436,2026-09-08T10:01:00+08:00,0.91,2.09e+00,0.8039,567.4,0.0,FAULT
LM-002181,LK-0437,2026-09-08T08:02:00+08:00,7.31,2.75e-02,0.2514,227.6,0.87,FAULT
LM-002182,LK-0437,2026-09-08T08:38:00+08:00,17.39,2.97e-05,0.0402,99.6,3.22,WARNING
LM-002183,LK-0437,2026-09-08T09:05:00+08:00,17.57,2.63e-05,0.0389,86.7,3.27,WARNING
LM-002184,LK-0437,2026-09-08T09:41:00+08:00,16.05,7.38e-05,0.0513,97.7,2.91,WARNING
LM-002185,LK-0437,2026-09-08T10:12:00+08:00,19.27,8.30e-06,0.0285,84.8,3.66,WARNING
LM-002186,LK-0438,2026-09-08T08:06:00+08:00,24.0,3.38e-07,0.0121,78.0,4.74,GOOD
LM-002187,LK-0438,2026-09-08T08:30:00+08:00,25.16,1.55e-07,0.0098,75.0,4.75,GOOD
LM-002188,LK-0438,2026-09-08T09:12:00+08:00,14.27,2.46e-04,0.0709,114.6,2.49,WARNING
LM-002189,LK-0438,2026-09-08T09:38:00+08:00,34.46,1.00e-09,0.0018,73.0,4.79,EXCELLENT
LM-002190,LK-0438,2026-09-08T10:07:00+08:00,29.35,9.03e-09,0.0046,74.2,4.78,GOOD
LM-002191,LK-0439,2026-09-08T08:11:00+08:00,14.9,1.61e-04,0.0632,105.8,2.64,WARNING
LM-002192,LK-0439,2026-09-08T08:36:00+08:00,17.1,3.62e-05,0.0423,91.1,3.16,WARNING
LM-002193,LK-0439,2026-09-08T09:10:00+08:00,28.81,1.30e-08,0.005,75.6,4.78,GOOD
LM-002194,LK-0439,2026-09-08T09:30:00+08:00,22.57,8.90e-07,0.0157,81.1,4.42,GOOD
LM-002195,LK-0439,2026-09-08T10:12:00+08:00,11.25,1.91e-03,0.1228,148.6,1.77,FAULT
LM-002196,LK-0440,2026-09-08T08:07:00+08:00,38.32,1.00e-09,0.0009,67.0,63.94,EXCELLENT
LM-002197,LK-0440,2026-09-08T08:32:00+08:00,40.06,1.00e-09,0.0007,66.8,63.96,EXCELLENT
LM-002198,LK-0440,2026-09-08T09:08:00+08:00,38.48,1.00e-09,0.0009,68.1,63.94,EXCELLENT
LM-002199,LK-0440,2026-09-08T09:31:00+08:00,33.53,1.00e-09,0.0021,69.9,63.86,GOOD
LM-002200,LK-0440,2026-09-08T10:00:00+08:00,35.16,1.00e-09,0.0016,70.3,63.9,EXCELLENT
LM-002201,LK-0441,2026-09-08T08:01:00+08:00,12.46,8.41e-04,0.0986,124.8,27.42,FAULT
LM-002202,LK-0441,2026-09-08T08:34:00+08:00,9.95,4.58e-03,0.1553,164.5,19.55,FAULT
LM-002203,LK-0441,2026-09-08T09:05:00+08:00,14.65,1.91e-04,0.0662,111.9,34.35,FAULT
LM-002204,LK-0441,2026-09-08T09:41:00+08:00,7.11,3.13e-02,0.2603,230.4,11.0,FAULT
LM-002205,LK-0441,2026-09-08T10:05:00+08:00,9.28,7.23e-03,0.1756,179.7,17.46,FAULT
LM-002206,LK-0442,2026-09-08T08:10:00+08:00,32.31,1.22e-09,0.0027,71.9,63.83,GOOD
LM-002207,LK-0442,2026-09-08T08:33:00+08:00,28.11,2.09e-08,0.0057,77.8,63.63,GOOD
LM-002208,LK-0442,2026-09-08T09:06:00+08:00,27.97,2.29e-08,0.0059,79.0,63.62,GOOD
LM-002209,LK-0442,2026-09-08T09:30:00+08:00,38.1,1.00e-09,0.0009,64.6,63.94,EXCELLENT
LM-002210,LK-0442,2026-09-08T10:09:00+08:00,30.48,4.19e-09,0.0037,76.2,63.76,GOOD
LM-002211,LK-0443,2026-09-08T08:03:00+08:00,19.01,9.91e-06,0.0299,88.7,3.6,WARNING
LM-002212,LK-0443,2026-09-08T08:31:00+08:00,5.08,1.24e-01,0.3769,311.6,0.42,FAULT
LM-002213,LK-0443,2026-09-08T09:01:00+08:00,9.28,7.24e-03,0.1757,181.8,1.31,FAULT
LM-002214,LK-0443,2026-09-08T09:34:00+08:00,7.0,3.38e-02,0.2658,233.1,0.8,FAULT
LM-002215,LK-0443,2026-09-08T10:00:00+08:00,12.06,1.10e-03,0.1059,143.3,1.96,FAULT
LM-002216,LK-0444,2026-09-08T08:01:00+08:00,29.3,9.38e-09,0.0046,73.8,63.7,GOOD
LM-002217,LK-0444,2026-09-08T08:35:00+08:00,31.24,2.51e-09,0.0032,73.9,63.79,GOOD
LM-002218,LK-0444,2026-09-08T09:09:00+08:00,31.18,2.62e-09,0.0033,72.0,63.79,GOOD
LM-002219,LK-0444,2026-09-08T09:37:00+08:00,31.93,1.57e-09,0.0029,71.1,63.82,GOOD
LM-002220,LK-0444,2026-09-08T10:03:00+08:00,29.82,6.59e-09,0.0042,67.5,63.73,GOOD
LM-002221,LK-0445,2026-09-08T08:05:00+08:00,34.68,1.00e-09,0.0017,69.4,63.89,GOOD
LM-002222,LK-0445,2026-09-08T08:39:00+08:00,30.79,3.41e-09,0.0035,79.9,63.78,GOOD
LM-002223,LK-0445,2026-09-08T09:08:00+08:00,38.87,1.00e-09,0.0008,69.4,63.95,EXCELLENT
LM-002224,LK-0445,2026-09-08T09:33:00+08:00,29.59,7.68e-09,0.0044,70.7,63.72,GOOD
LM-002225,LK-0445,2026-09-08T10:08:00+08:00,34.41,1.00e-09,0.0018,67.0,63.88,GOOD
LM-002226,LK-0446,2026-09-08T08:10:00+08:00,34.89,1.00e-09,0.0017,71.1,63.89,GOOD
LM-002227,LK-0446,2026-09-08T08:36:00+08:00,33.58,1.00e-09,0.0021,72.4,63.86,GOOD
LM-002228,LK-0446,2026-09-08T09:07:00+08:00,36.13,1.00e-09,0.0013,78.6,63.91,EXCELLENT
LM-002229,LK-0446,2026-09-08T09:30:00+08:00,32.11,1.39e-09,0.0028,74.1,63.82,GOOD
LM-002230,LK-0446,2026-09-08T10:08:00+08:00,36.04,1.00e-09,0.0014,73.9,63.91,EXCELLENT
LM-002231,LK-0447,2026-09-08T08:03:00+08:00,34.95,1.00e-09,0.0016,75.8,63.89,GOOD
LM-002232,LK-0447,2026-09-08T08:32:00+08:00,39.51,1.00e-09,0.0007,69.3,63.95,EXCELLENT
LM-002233,LK-0447,2026-09-08T09:04:00+08:00,43.38,1.00e-09,0.0004,65.8,63.98,EXCELLENT
LM-002234,LK-0447,2026-09-08T09:33:00+08:00,35.72,1.00e-09,0.0014,77.3,63.91,EXCELLENT
LM-002235,LK-0447,2026-09-08T10:07:00+08:00,39.22,1.00e-09,0.0008,78.9,63.95,EXCELLENT
LM-002236,LK-0448,2026-09-08T08:02:00+08:00,26.78,5.16e-08,0.0073,79.1,4.76,GOOD
LM-002237,LK-0448,2026-09-08T08:31:00+08:00,28.22,1.95e-08,0.0056,71.9,4.77,GOOD
LM-002238,LK-0448,2026-09-08T09:01:00+08:00,31.66,1.89e-09,0.003,73.1,4.79,EXCELLENT
LM-002239,LK-0448,2026-09-08T09:36:00+08:00,17.59,2.60e-05,0.0388,93.9,3.27,WARNING
LM-002240,LK-0448,2026-09-08T10:11:00+08:00,10.22,3.82e-03,0.1479,168.0,1.53,FAULT
LM-002241,LK-0449,2026-09-08T08:04:00+08:00,11.63,1.47e-03,0.1144,149.1,1.86,FAULT
LM-002242,LK-0449,2026-09-08T08:32:00+08:00,14.84,1.67e-04,0.0639,108.7,2.62,WARNING
LM-002243,LK-0449,2026-09-08T09:01:00+08:00,15.76,8.97e-05,0.0541,103.1,2.84,WARNING
LM-002244,LK-0449,2026-09-08T09:31:00+08:00,11.51,1.60e-03,0.117,145.8,1.83,FAULT
LM-002245,LK-0449,2026-09-08T10:05:00+08:00,15.62,9.85e-05,0.0554,113.0,2.81,WARNING
LM-002246,LK-0450,2026-09-08T08:05:00+08:00,23.14,6.06e-07,0.0141,83.7,60.63,WARNING
LM-002247,LK-0450,2026-09-08T08:39:00+08:00,26.5,6.22e-08,0.0077,80.8,63.51,GOOD
LM-002248,LK-0450,2026-09-08T09:02:00+08:00,24.41,2.56e-07,0.0112,86.2,63.28,WARNING
LM-002249,LK-0450,2026-09-08T09:42:00+08:00,26.91,4.73e-08,0.0071,73.1,63.54,GOOD
LM-002250,LK-0450,2026-09-08T10:08:00+08:00,30.75,3.51e-09,0.0035,70.7,63.77,GOOD
LM-002251,LK-0451,2026-09-08T08:05:00+08:00,9.07,8.35e-03,0.1825,181.0,1.26,FAULT
LM-002252,LK-0451,2026-09-08T08:34:00+08:00,26.56,5.98e-08,0.0076,81.5,4.76,GOOD
LM-002253,LK-0451,2026-09-08T09:06:00+08:00,12.08,1.08e-03,0.1055,138.7,1.97,FAULT
LM-002254,LK-0451,2026-09-08T09:40:00+08:00,7.56,2.32e-02,0.24,224.8,0.92,FAULT
LM-002255,LK-0451,2026-09-08T10:01:00+08:00,8.53,1.20e-02,0.2012,200.6,1.14,FAULT
LM-002256,LK-0452,2026-09-08T08:10:00+08:00,11.72,1.38e-03,0.1127,148.5,1.88,FAULT
LM-002257,LK-0452,2026-09-08T08:34:00+08:00,14.01,2.93e-04,0.0743,114.2,2.43,WARNING
LM-002258,LK-0452,2026-09-08T09:04:00+08:00,9.09,8.23e-03,0.1818,183.5,1.27,FAULT
LM-002259,LK-0452,2026-09-08T09:39:00+08:00,12.8,6.68e-04,0.0926,125.0,2.14,FAULT
LM-002260,LK-0452,2026-09-08T10:02:00+08:00,14.78,1.75e-04,0.0646,108.3,2.61,WARNING
LM-002261,LK-0453,2026-09-08T08:03:00+08:00,27.18,3.92e-08,0.0068,79.6,63.57,GOOD
LM-002262,LK-0453,2026-09-08T08:36:00+08:00,25.17,1.53e-07,0.0098,83.6,63.37,GOOD
LM-002263,LK-0453,2026-09-08T09:06:00+08:00,27.62,2.91e-08,0.0063,75.5,63.6,GOOD
LM-002264,LK-0453,2026-09-08T09:32:00+08:00,31.76,1.77e-09,0.0029,71.3,63.81,GOOD
LM-002265,LK-0453,2026-09-08T10:08:00+08:00,26.59,5.84e-08,0.0075,79.5,63.52,GOOD
LM-002266,LK-0454,2026-09-08T08:09:00+08:00,16.25,6.43e-05,0.0494,109.3,39.41,FAULT
LM-002267,LK-0454,2026-09-08T08:40:00+08:00,23.18,5.88e-07,0.014,86.4,60.76,WARNING
LM-002268,LK-0454,2026-09-08T09:05:00+08:00,24.85,1.91e-07,0.0104,76.0,63.34,WARNING
LM-002269,LK-0454,2026-09-08T09:38:00+08:00,24.31,2.74e-07,0.0114,80.0,63.27,WARNING
LM-002270,LK-0454,2026-09-08T10:04:00+08:00,21.59,1.73e-06,0.0187,83.0,55.92,WARNING
LM-002271,LK-0455,2026-09-08T08:11:00+08:00,17.29,3.18e-05,0.0409,104.8,3.2,WARNING
LM-002272,LK-0455,2026-09-08T08:34:00+08:00,12.12,1.06e-03,0.1048,142.5,1.98,FAULT
LM-002273,LK-0455,2026-09-08T09:09:00+08:00,6.74,4.03e-02,0.2785,242.0,0.75,FAULT
LM-002274,LK-0455,2026-09-08T09:41:00+08:00,23.15,6.02e-07,0.0141,86.7,4.55,GOOD
LM-002275,LK-0455,2026-09-08T10:04:00+08:00,12.77,6.79e-04,0.0931,130.1,2.13,FAULT
LM-002276,LK-0456,2026-09-08T08:08:00+08:00,28.78,1.33e-08,0.0051,77.7,63.68,GOOD
LM-002277,LK-0456,2026-09-08T08:32:00+08:00,26.23,7.49e-08,0.0081,79.0,63.48,GOOD
LM-002278,LK-0456,2026-09-08T09:12:00+08:00,31.73,1.81e-09,0.003,81.7,63.81,GOOD
LM-002279,LK-0456,2026-09-08T09:38:00+08:00,31.05,2.86e-09,0.0034,77.3,63.79,GOOD
LM-002280,LK-0456,2026-09-08T10:05:00+08:00,30.12,5.35e-09,0.004,80.0,63.75,GOOD
LM-002281,LK-0457,2026-09-08T08:11:00+08:00,62.95,1.00e-09,0.0,72.7,4.8,EXCELLENT
LM-002282,LK-0457,2026-09-08T08:35:00+08:00,57.59,1.00e-09,0.0,75.6,4.8,EXCELLENT
LM-002283,LK-0457,2026-09-08T09:11:00+08:00,56.92,1.00e-09,0.0,77.0,4.8,EXCELLENT
LM-002284,LK-0457,2026-09-08T09:30:00+08:00,59.4,1.00e-09,0.0,77.2,4.8,EXCELLENT
LM-002285,LK-0457,2026-09-08T10:11:00+08:00,54.14,1.00e-09,0.0001,73.6,4.8,EXCELLENT
LM-002286,LK-0458,2026-09-08T08:00:00+08:00,25.0,1.72e-07,0.0101,76.4,4.75,GOOD
LM-002287,LK-0458,2026-09-08T08:41:00+08:00,21.49,1.85e-06,0.0191,86.9,4.17,GOOD
LM-002288,LK-0458,2026-09-08T09:02:00+08:00,23.27,5.54e-07,0.0138,83.1,4.58,GOOD
LM-002289,LK-0458,2026-09-08T09:38:00+08:00,25.64,1.11e-07,0.009,77.6,4.76,GOOD
LM-002290,LK-0458,2026-09-08T10:06:00+08:00,27.73,2.71e-08,0.0061,81.2,4.77,GOOD
LM-002291,LK-0459,2026-09-08T08:01:00+08:00,16.32,6.16e-05,0.0489,107.8,2.97,WARNING
LM-002292,LK-0459,2026-09-08T08:41:00+08:00,20.69,3.18e-06,0.022,85.1,3.99,GOOD
LM-002293,LK-0459,2026-09-08T09:07:00+08:00,11.1,2.11e-03,0.1262,151.4,1.73,FAULT
LM-002294,LK-0459,2026-09-08T09:30:00+08:00,22.52,9.19e-07,0.0158,83.6,4.41,GOOD
LM-002295,LK-0459,2026-09-08T10:12:00+08:00,5.67,8.32e-02,0.3384,290.1,0.53,FAULT
LM-002296,LK-0460,2026-09-08T08:03:00+08:00,17.43,2.90e-05,0.0399,94.4,3.23,WARNING
LM-002297,LK-0460,2026-09-08T08:35:00+08:00,19.46,7.31e-06,0.0276,89.5,3.71,WARNING
LM-002298,LK-0460,2026-09-08T09:09:00+08:00,11.03,2.21e-03,0.1277,157.7,1.72,FAULT
LM-002299,LK-0460,2026-09-08T09:32:00+08:00,29.64,7.41e-09,0.0043,79.3,4.78,GOOD
LM-002300,LK-0460,2026-09-08T10:12:00+08:00,24.2,2.95e-07,0.0116,76.5,4.74,GOOD
LM-002301,LK-0461,2026-09-08T08:08:00+08:00,33.14,1.00e-09,0.0023,73.1,63.85,GOOD
LM-002302,LK-0461,2026-09-08T08:38:00+08:00,40.05,1.00e-09,0.0007,75.2,63.96,EXCELLENT
LM-002303,LK-0461,2026-09-08T09:10:00+08:00,37.13,1.00e-09,0.0011,68.1,63.93,EXCELLENT
LM-002304,LK-0461,2026-09-08T09:38:00+08:00,36.07,1.00e-09,0.0013,80.0,63.91,EXCELLENT
LM-002305,LK-0461,2026-09-08T10:04:00+08:00,32.75,1.00e-09,0.0025,69.2,63.84,GOOD
LM-002306,LK-0462,2026-09-08T08:02:00+08:00,27.93,2.37e-08,0.0059,81.6,4.77,GOOD
LM-002307,LK-0462,2026-09-08T08:38:00+08:00,19.4,7.61e-06,0.0279,94.1,3.69,WARNING
LM-002308,LK-0462,2026-09-08T09:05:00+08:00,6.93,3.54e-02,0.2691,236.6,0.79,FAULT
LM-002309,LK-0462,2026-09-08T09:37:00+08:00,22.37,1.02e-06,0.0163,80.8,4.37,GOOD
LM-002310,LK-0462,2026-09-08T10:03:00+08:00,22.66,8.39e-07,0.0154,90.5,4.44,GOOD
LM-002311,LK-0463,2026-09-08T08:09:00+08:00,28.8,1.31e-08,0.005,73.2,63.68,GOOD
LM-002312,LK-0463,2026-09-08T08:33:00+08:00,25.91,9.28e-08,0.0085,82.1,63.45,GOOD
LM-002313,LK-0463,2026-09-08T09:03:00+08:00,30.99,2.97e-09,0.0034,70.0,63.78,GOOD
LM-002314,LK-0463,2026-09-08T09:39:00+08:00,25.49,1.23e-07,0.0092,84.7,63.41,GOOD
LM-002315,LK-0463,2026-09-08T10:06:00+08:00,30.22,5.01e-09,0.0039,83.4,63.75,GOOD
LM-002316,LK-0464,2026-09-08T08:04:00+08:00,29.03,1.12e-08,0.0048,76.5,4.78,GOOD
LM-002317,LK-0464,2026-09-08T08:42:00+08:00,18.56,1.35e-05,0.0325,88.8,3.5,WARNING
LM-002318,LK-0464,2026-09-08T09:10:00+08:00,8.89,9.41e-03,0.1885,193.2,1.22,FAULT
LM-002319,LK-0464,2026-09-08T09:36:00+08:00,18.8,1.14e-05,0.0311,96.4,3.55,WARNING
LM-002320,LK-0464,2026-09-08T10:03:00+08:00,16.79,4.45e-05,0.0448,100.0,3.08,WARNING
LM-002321,LK-0465,2026-09-08T08:05:00+08:00,53.22,1.00e-09,0.0001,71.1,4.8,EXCELLENT
LM-002322,LK-0465,2026-09-08T08:41:00+08:00,61.3,1.00e-09,0.0,72.8,4.8,EXCELLENT
LM-002323,LK-0465,2026-09-08T09:04:00+08:00,49.72,1.00e-09,0.0001,70.2,4.8,EXCELLENT
LM-002324,LK-0465,2026-09-08T09:30:00+08:00,52.59,1.00e-09,0.0001,80.5,4.8,EXCELLENT
LM-002325,LK-0465,2026-09-08T10:12:00+08:00,52.63,1.00e-09,0.0001,79.8,4.8,EXCELLENT
LM-002326,LK-0466,2026-09-08T08:08:00+08:00,18.52,1.38e-05,0.0327,94.1,46.49,WARNING
LM-002327,LK-0466,2026-09-08T08:33:00+08:00,12.84,6.50e-04,0.092,128.1,28.62,FAULT
LM-002328,LK-0466,2026-09-08T09:08:00+08:00,19.51,7.08e-06,0.0273,96.7,49.54,WARNING
LM-002329,LK-0466,2026-09-08T09:33:00+08:00,19.16,8.98e-06,0.0291,88.4,48.46,WARNING
LM-002330,LK-0466,2026-09-08T10:00:00+08:00,24.36,2.64e-07,0.0113,88.3,63.28,WARNING
LM-002331,LK-0467,2026-09-08T08:12:00+08:00,22.95,6.90e-07,0.0146,78.0,60.05,WARNING
LM-002332,LK-0467,2026-09-08T08:38:00+08:00,26.76,5.23e-08,0.0073,75.6,63.53,GOOD
LM-002333,LK-0467,2026-09-08T09:12:00+08:00,23.19,5.86e-07,0.014,83.9,60.78,WARNING
LM-002334,LK-0467,2026-09-08T09:30:00+08:00,20.42,3.82e-06,0.0232,96.2,52.34,WARNING
LM-002335,LK-0467,2026-09-08T10:07:00+08:00,15.35,1.19e-04,0.0582,114.0,36.57,FAULT
LM-002336,LK-0468,2026-09-08T08:08:00+08:00,10.28,3.67e-03,0.1463,160.3,1.54,FAULT
LM-002337,LK-0468,2026-09-08T08:39:00+08:00,29.87,6.33e-09,0.0042,73.2,4.78,GOOD
LM-002338,LK-0468,2026-09-08T09:08:00+08:00,10.44,3.30e-03,0.1423,162.2,1.58,FAULT
LM-002339,LK-0468,2026-09-08T09:32:00+08:00,22.86,7.34e-07,0.0149,85.3,4.48,GOOD
LM-002340,LK-0468,2026-09-08T10:04:00+08:00,21.48,1.87e-06,0.0191,89.2,4.17,GOOD
LM-002341,LK-0469,2026-09-08T08:07:00+08:00,14.92,1.58e-04,0.0629,108.5,2.64,WARNING
LM-002342,LK-0469,2026-09-08T08:38:00+08:00,13.15,5.26e-04,0.0869,133.5,2.22,WARNING
LM-002343,LK-0469,2026-09-08T09:08:00+08:00,12.87,6.34e-04,0.0914,125.1,2.16,FAULT
LM-002344,LK-0469,2026-09-08T09:35:00+08:00,19.16,8.98e-06,0.0291,86.8,3.63,WARNING
LM-002345,LK-0469,2026-09-08T10:03:00+08:00,4.5,1.83e-01,0.4184,331.3,0.32,FAULT
LM-002346,LK-0470,2026-09-08T08:09:00+08:00,-1.04,7.81e+00,0.98,678.2,0.0,FAULT
LM-002347,LK-0470,2026-09-08T08:36:00+08:00,-1.99,1.49e+01,0.98,680.7,0.0,FAULT
LM-002348,LK-0470,2026-09-08T09:04:00+08:00,-7.8,7.64e+02,0.98,681.2,0.0,FAULT
LM-002349,LK-0470,2026-09-08T09:34:00+08:00,2.12,9.24e-01,0.6458,471.3,0.01,FAULT
LM-002350,LK-0470,2026-09-08T10:00:00+08:00,25.69,1.08e-07,0.0089,85.8,4.76,GOOD
LM-002351,LK-0471,2026-09-08T08:02:00+08:00,16.48,5.52e-05,0.0474,102.3,3.01,WARNING
LM-002352,LK-0471,2026-09-08T08:32:00+08:00,27.01,4.40e-08,0.007,76.7,4.77,GOOD
LM-002353,LK-0471,2026-09-08T09:04:00+08:00,18.77,1.17e-05,0.0313,95.8,3.55,WARNING
LM-002354,LK-0471,2026-09-08T09:39:00+08:00,15.0,1.50e-04,0.0621,114.4,2.66,WARNING
LM-002355,LK-0471,2026-09-08T10:09:00+08:00,15.79,8.78e-05,0.0537,112.8,2.85,WARNING
LM-002356,LK-0472,2026-09-08T08:05:00+08:00,5.31,1.06e-01,0.3613,300.7,0.46,FAULT
LM-002357,LK-0472,2026-09-08T08:34:00+08:00,20.2,4.43e-06,0.0241,92.9,3.88,GOOD
LM-002358,LK-0472,2026-09-08T09:06:00+08:00,16.12,7.05e-05,0.0507,107.3,2.92,WARNING
LM-002359,LK-0472,2026-09-08T09:32:00+08:00,22.81,7.58e-07,0.015,81.8,4.47,GOOD
LM-002360,LK-0472,2026-09-08T10:00:00+08:00,26.11,8.11e-08,0.0082,82.2,4.76,GOOD
LM-002361,LK-0473,2026-09-08T08:05:00+08:00,22.92,7.01e-07,0.0147,86.4,4.5,GOOD
LM-002362,LK-0473,2026-09-08T08:30:00+08:00,15.35,1.18e-04,0.0582,109.7,2.74,WARNING
LM-002363,LK-0473,2026-09-08T09:12:00+08:00,20.85,2.85e-06,0.0214,85.9,4.03,GOOD
LM-002364,LK-0473,2026-09-08T09:41:00+08:00,15.52,1.06e-04,0.0565,107.7,2.78,WARNING
LM-002365,LK-0473,2026-09-08T10:05:00+08:00,12.56,7.85e-04,0.0968,135.4,2.08,FAULT
LM-002366,LK-0474,2026-09-08T08:02:00+08:00,27.09,4.17e-08,0.0069,78.1,4.77,GOOD
LM-002367,LK-0474,2026-09-08T08:36:00+08:00,37.61,1.00e-09,0.001,79.9,4.8,EXCELLENT
LM-002368,LK-0474,2026-09-08T09:09:00+08:00,31.06,2.84e-09,0.0033,85.4,4.78,EXCELLENT
LM-002369,LK-0474,2026-09-08T09:38:00+08:00,28.63,1.48e-08,0.0052,81.9,4.77,GOOD
LM-002370,LK-0474,2026-09-08T10:04:00+08:00,23.11,6.20e-07,0.0142,86.4,4.54,GOOD
LM-002371,LK-0475,2026-09-08T08:11:00+08:00,17.22,3.34e-05,0.0414,100.8,3.18,WARNING
LM-002372,LK-0475,2026-09-08T08:41:00+08:00,26.4,6.65e-08,0.0078,84.9,4.76,GOOD
LM-002373,LK-0475,2026-09-08T09:08:00+08:00,26.39,6.69e-08,0.0078,76.3,4.76,GOOD
LM-002374,LK-0475,2026-09-08T09:34:00+08:00,20.39,3.89e-06,0.0233,91.6,3.92,GOOD
LM-002375,LK-0475,2026-09-08T10:06:00+08:00,16.85,4.28e-05,0.0443,97.7,3.1,WARNING
LM-002376,LK-0476,2026-09-08T08:00:00+08:00,9.22,7.52e-03,0.1775,181.2,1.3,FAULT
LM-002377,LK-0476,2026-09-08T08:40:00+08:00,17.27,3.24e-05,0.0411,108.2,3.19,WARNING
LM-002378,LK-0476,2026-09-08T09:11:00+08:00,18.05,1.90e-05,0.0356,101.8,3.38,WARNING
LM-002379,LK-0476,2026-09-08T09:37:00+08:00,17.36,3.05e-05,0.0404,99.3,3.21,WARNING
LM-002380,LK-0476,2026-09-08T10:00:00+08:00,16.94,4.03e-05,0.0436,107.5,3.12,WARNING
LM-002381,LK-0477,2026-09-08T08:12:00+08:00,34.09,1.00e-09,0.0019,80.2,4.79,EXCELLENT
LM-002382,LK-0477,2026-09-08T08:34:00+08:00,24.46,2.48e-07,0.0111,86.9,4.75,GOOD
LM-002383,LK-0477,2026-09-08T09:02:00+08:00,13.97,3.01e-04,0.0748,123.9,2.42,WARNING
LM-002384,LK-0477,2026-09-08T09:30:00+08:00,17.54,2.69e-05,0.0391,99.2,3.26,WARNING
LM-002385,LK-0477,2026-09-08T10:07:00+08:00,23.55,4.58e-07,0.0131,91.8,4.64,GOOD
LM-002386,LK-0478,2026-09-08T08:03:00+08:00,13.14,5.30e-04,0.0871,129.1,2.22,WARNING
LM-002387,LK-0478,2026-09-08T08:33:00+08:00,13.95,3.07e-04,0.0752,127.2,2.41,WARNING
LM-002388,LK-0478,2026-09-08T09:11:00+08:00,21.72,1.58e-06,0.0183,94.1,4.22,GOOD
LM-002389,LK-0478,2026-09-08T09:31:00+08:00,12.55,7.86e-04,0.0968,136.2,2.08,FAULT
LM-002390,LK-0478,2026-09-08T10:08:00+08:00,14.18,2.62e-04,0.072,128.5,2.47,WARNING
LM-002391,LK-0479,2026-09-08T08:09:00+08:00,12.53,8.00e-04,0.0973,134.7,2.07,FAULT
LM-002392,LK-0479,2026-09-08T08:41:00+08:00,6.99,3.40e-02,0.2662,239.2,0.8,FAULT
LM-002393,LK-0479,2026-09-08T09:10:00+08:00,4.06,2.48e-01,0.4538,360.3,0.25,FAULT
LM-002394,LK-0479,2026-09-08T09:39:00+08:00,14.36,2.32e-04,0.0698,122.5,2.51,WARNING
LM-002395,LK-0479,2026-09-08T10:07:00+08:00,11.24,1.92e-03,0.123,158.0,1.77,FAULT
LM-002396,LK-0480,2026-09-08T08:01:00+08:00,19.16,8.99e-06,0.0291,95.3,3.63,WARNING
LM-002397,LK-0480,2026-09-08T08:35:00+08:00,21.47,1.88e-06,0.0192,96.7,4.17,GOOD
LM-002398,LK-0480,2026-09-08T09:08:00+08:00,11.89,1.24e-03,0.1093,153.9,1.92,FAULT
LM-002399,LK-0480,2026-09-08T09:36:00+08:00,20.86,2.83e-06,0.0214,89.5,4.03,GOOD
LM-002400,LK-0480,2026-09-08T10:04:00+08:00,15.4,1.15e-04,0.0577,112.8,2.75,WARNING
LM-002401,LK-0481,2026-09-08T08:08:00+08:00,25.96,8.98e-08,0.0085,85.1,4.76,GOOD
LM-002402,LK-0481,2026-09-08T08:31:00+08:00,37.93,1.00e-09,0.001,75.5,4.8,EXCELLENT
LM-002403,LK-0481,2026-09-08T09:10:00+08:00,15.72,9.23e-05,0.0545,112.9,2.83,WARNING
LM-002404,LK-0481,2026-09-08T09:32:00+08:00,24.66,2.16e-07,0.0107,84.1,4.75,GOOD
LM-002405,LK-0481,2026-09-08T10:08:00+08:00,11.97,1.17e-03,0.1076,146.3,1.94,FAULT
LM-002406,LK-0482,2026-09-08T08:01:00+08:00,26.46,6.41e-08,0.0077,86.5,4.76,GOOD
LM-002407,LK-0482,2026-09-08T08:31:00+08:00,21.69,1.62e-06,0.0184,89.3,4.22,GOOD
LM-002408,LK-0482,2026-09-08T09:12:00+08:00,18.74,1.19e-05,0.0314,106.1,3.54,WARNING
LM-002409,LK-0482,2026-09-08T09:41:00+08:00,21.47,1.88e-06,0.0191,89.3,4.17,GOOD
LM-002410,LK-0482,2026-09-08T10:02:00+08:00,20.82,2.91e-06,0.0215,89.0,4.02,GOOD
LM-002411,LK-0483,2026-09-08T08:01:00+08:00,24.05,3.28e-07,0.012,88.6,4.74,GOOD
LM-002412,LK-0483,2026-09-08T08:31:00+08:00,21.02,2.55e-06,0.0208,87.3,4.06,GOOD
LM-002413,LK-0483,2026-09-08T09:03:00+08:00,10.57,3.02e-03,0.1389,170.6,1.61,FAULT
LM-002414,LK-0483,2026-09-08T09:36:00+08:00,16.53,5.33e-05,0.047,111.3,3.02,WARNING
LM-002415,LK-0483,2026-09-08T10:03:00+08:00,17.14,3.53e-05,0.0421,107.7,3.16,WARNING
LM-002416,LK-0484,2026-09-08T08:10:00+08:00,7.67,2.15e-02,0.2353,225.0,0.95,FAULT
LM-002417,LK-0484,2026-09-08T08:37:00+08:00,12.99,5.87e-04,0.0895,131.1,2.18,FAULT
LM-002418,LK-0484,2026-09-08T09:03:00+08:00,4.72,1.58e-01,0.402,334.6,0.36,FAULT
LM-002419,LK-0484,2026-09-08T09:31:00+08:00,3.2,4.44e-01,0.5304,412.1,0.12,FAULT
LM-002420,LK-0484,2026-09-08T10:02:00+08:00,5.22,1.13e-01,0.3675,303.7,0.44,FAULT
LM-002421,LK-0485,2026-09-08T08:01:00+08:00,30.2,5.08e-09,0.0039,82.1,4.78,EXCELLENT
LM-002422,LK-0485,2026-09-08T08:37:00+08:00,27.11,4.12e-08,0.0069,88.3,4.77,GOOD
LM-002423,LK-0485,2026-09-08T09:03:00+08:00,14.24,2.50e-04,0.0712,123.1,2.48,WARNING
LM-002424,LK-0485,2026-09-08T09:34:00+08:00,13.55,4.02e-04,0.0809,134.2,2.32,WARNING
LM-002425,LK-0485,2026-09-08T10:11:00+08:00,12.95,6.04e-04,0.0902,131.9,2.17,FAULT
LM-002426,LK-0486,2026-09-08T08:02:00+08:00,4.78,1.52e-01,0.3977,333.0,0.37,FAULT
LM-002427,LK-0486,2026-09-08T08:36:00+08:00,2.75,6.01e-01,0.5754,436.5,0.07,FAULT
LM-002428,LK-0486,2026-09-08T09:01:00+08:00,8.21,1.49e-02,0.2134,206.5,1.07,FAULT
LM-002429,LK-0486,2026-09-08T09:38:00+08:00,8.89,9.40e-03,0.1884,202.9,1.22,FAULT
LM-002430,LK-0486,2026-09-08T10:01:00+08:00,11.73,1.37e-03,0.1124,146.0,1.88,FAULT
LM-002431,LK-0487,2026-09-08T08:03:00+08:00,29.77,6.80e-09,0.0042,90.0,4.78,GOOD
LM-002432,LK-0487,2026-09-08T08:40:00+08:00,32.23,1.28e-09,0.0027,76.8,4.79,EXCELLENT
LM-002433,LK-0487,2026-09-08T09:04:00+08:00,37.07,1.00e-09,0.0011,81.9,4.79,EXCELLENT
LM-002434,LK-0487,2026-09-08T09:37:00+08:00,25.62,1.13e-07,0.009,91.1,4.76,GOOD
LM-002435,LK-0487,2026-09-08T10:03:00+08:00,32.53,1.05e-09,0.0026,88.1,4.79,EXCELLENT
LM-002436,LK-0488,2026-09-08T08:02:00+08:00,-0.47,5.34e+00,0.98,694.7,0.0,FAULT
LM-002437,LK-0488,2026-09-08T08:41:00+08:00,9.4,6.67e-03,0.1719,185.4,1.34,FAULT
LM-002438,LK-0488,2026-09-08T09:05:00+08:00,17.15,3.51e-05,0.042,112.4,3.17,WARNING
LM-002439,LK-0488,2026-09-08T09:32:00+08:00,9.59,5.85e-03,0.1659,189.5,1.38,FAULT
LM-002440,LK-0488,2026-09-08T10:00:00+08:00,13.92,3.11e-04,0.0755,131.3,2.4,WARNING
LM-002441,LK-0489,2026-09-08T08:03:00+08:00,11.46,1.66e-03,0.1182,153.4,1.82,FAULT
LM-002442,LK-0489,2026-09-08T08:34:00+08:00,16.26,6.38e-05,0.0493,118.7,2.96,WARNING
LM-002443,LK-0489,2026-09-08T09:00:00+08:00,8.99,8.80e-03,0.1851,193.9,1.24,FAULT
LM-002444,LK-0489,2026-09-08T09:30:00+08:00,4.12,2.38e-01,0.4486,356.7,0.26,FAULT
LM-002445,LK-0489,2026-09-08T10:07:00+08:00,7.46,2.48e-02,0.2445,235.1,0.9,FAULT
LM-002446,LK-0490,2026-09-08T08:11:00+08:00,27.01,4.40e-08,0.007,87.8,4.77,GOOD
LM-002447,LK-0490,2026-09-08T08:41:00+08:00,31.01,2.94e-09,0.0034,81.1,4.78,EXCELLENT
LM-002448,LK-0490,2026-09-08T09:09:00+08:00,25.61,1.14e-07,0.009,80.9,4.76,GOOD
LM-002449,LK-0490,2026-09-08T09:34:00+08:00,44.41,1.00e-09,0.0003,78.1,4.8,EXCELLENT
LM-002450,LK-0490,2026-09-08T10:12:00+08:00,19.1,9.37e-06,0.0295,99.2,3.62,WARNING
LM-002451,LK-0491,2026-09-08T08:07:00+08:00,26.83,4.98e-08,0.0072,81.3,4.77,GOOD
LM-002452,LK-0491,2026-09-08T08:32:00+08:00,24.98,1.74e-07,0.0101,85.8,4.75,GOOD
LM-002453,LK-0491,2026-09-08T09:09:00+08:00,22.18,1.16e-06,0.0168,96.2,4.33,GOOD
LM-002454,LK-0491,2026-09-08T09:40:00+08:00,18.71,1.22e-05,0.0316,95.8,3.53,WARNING
LM-002455,LK-0491,2026-09-08T10:07:00+08:00,17.07,3.70e-05,0.0426,108.3,3.15,WARNING
LM-002456,LK-0492,2026-09-08T08:11:00+08:00,23.16,5.98e-07,0.0141,90.7,4.55,GOOD
LM-002457,LK-0492,2026-09-08T08:32:00+08:00,29.69,7.19e-09,0.0043,84.0,4.78,GOOD
LM-002458,LK-0492,2026-09-08T09:02:00+08:00,23.26,5.59e-07,0.0138,88.8,4.57,GOOD
LM-002459,LK-0492,2026-09-08T09:41:00+08:00,22.68,8.27e-07,0.0154,88.6,4.44,GOOD
LM-002460,LK-0492,2026-09-08T10:12:00+08:00,29.86,6.42e-09,0.0042,84.9,4.78,GOOD
LM-002461,LK-0493,2026-09-08T08:01:00+08:00,20.95,2.67e-06,0.021,99.6,4.05,GOOD
LM-002462,LK-0493,2026-09-08T08:42:00+08:00,25.96,8.95e-08,0.0085,80.8,4.76,GOOD
LM-002463,LK-0493,2026-09-08T09:04:00+08:00,17.03,3.81e-05,0.0429,101.7,3.14,WARNING
LM-002464,LK-0493,2026-09-08T09:32:00+08:00,17.57,2.64e-05,0.0389,111.6,3.26,WARNING
LM-002465,LK-0493,2026-09-08T10:11:00+08:00,15.42,1.13e-04,0.0575,117.3,2.76,WARNING
LM-002466,LK-0494,2026-09-08T08:03:00+08:00,23.35,5.27e-07,0.0136,97.5,4.59,GOOD
LM-002467,LK-0494,2026-09-08T08:41:00+08:00,22.42,9.87e-07,0.0161,89.8,4.38,GOOD
LM-002468,LK-0494,2026-09-08T09:09:00+08:00,23.05,6.43e-07,0.0144,86.4,4.53,GOOD
LM-002469,LK-0494,2026-09-08T09:41:00+08:00,25.8,1.00e-07,0.0087,91.7,4.76,GOOD
LM-002470,LK-0494,2026-09-08T10:05:00+08:00,31.36,2.31e-09,0.0032,85.5,4.78,EXCELLENT
LM-002471,LK-0495,2026-09-08T08:12:00+08:00,25.06,1.65e-07,0.01,89.0,4.75,GOOD
LM-002472,LK-0495,2026-09-08T08:36:00+08:00,23.21,5.77e-07,0.0139,98.0,4.56,GOOD
LM-002473,LK-0495,2026-09-08T09:00:00+08:00,14.75,1.77e-04,0.0649,120.9,2.6,WARNING
LM-002474,LK-0495,2026-09-08T09:34:00+08:00,16.64,4.93e-05,0.046,114.8,3.05,WARNING
LM-002475,LK-0495,2026-09-08T10:12:00+08:00,14.69,1.85e-04,0.0656,121.5,2.59,WARNING
LM-002476,LK-0496,2026-09-08T08:09:00+08:00,21.15,2.33e-06,0.0203,96.8,4.09,GOOD
LM-002477,LK-0496,2026-09-08T08:37:00+08:00,17.61,2.56e-05,0.0386,105.7,3.27,WARNING
LM-002478,LK-0496,2026-09-08T09:01:00+08:00,29.91,6.17e-09,0.0041,86.3,4.78,GOOD
LM-002479,LK-0496,2026-09-08T09:36:00+08:00,23.09,6.27e-07,0.0143,99.9,4.54,GOOD
LM-002480,LK-0496,2026-09-08T10:06:00+08:00,17.52,2.73e-05,0.0393,111.3,3.25,WARNING
LM-002481,LK-0497,2026-09-08T08:04:00+08:00,1.86,1.10e+00,0.6765,510.4,0.0,FAULT
LM-002482,LK-0497,2026-09-08T08:37:00+08:00,10.48,3.21e-03,0.1412,177.5,1.59,FAULT
LM-002483,LK-0497,2026-09-08T09:06:00+08:00,12.76,6.83e-04,0.0932,146.4,2.13,FAULT
LM-002484,LK-0497,2026-09-08T09:41:00+08:00,17.5,2.76e-05,0.0394,109.8,3.25,WARNING
LM-002485,LK-0497,2026-09-08T10:08:00+08:00,18.37,1.53e-05,0.0336,99.6,3.45,WARNING
LM-002486,LK-0498,2026-09-08T08:07:00+08:00,21.44,1.92e-06,0.0192,104.8,4.16,GOOD
LM-002487,LK-0498,2026-09-08T08:42:00+08:00,21.23,2.21e-06,0.02,96.7,4.11,GOOD
LM-002488,LK-0498,2026-09-08T09:11:00+08:00,20.24,4.32e-06,0.0239,106.7,3.88,GOOD
LM-002489,LK-0498,2026-09-08T09:37:00+08:00,22.13,1.20e-06,0.017,99.3,4.32,GOOD
LM-002490,LK-0498,2026-09-08T10:05:00+08:00,19.35,7.89e-06,0.0281,110.0,3.68,WARNING
LM-002491,LK-0499,2026-09-08T08:03:00+08:00,7.55,2.34e-02,0.2407,244.4,0.92,FAULT
LM-002492,LK-0499,2026-09-08T08:41:00+08:00,13.26,4.88e-04,0.0852,147.3,2.25,WARNING
LM-002493,LK-0499,2026-09-08T09:11:00+08:00,0.37,3.02e+00,0.8876,633.6,0.0,FAULT
LM-002494,LK-0499,2026-09-08T09:38:00+08:00,7.14,3.07e-02,0.259,244.6,0.83,FAULT
LM-002495,LK-0499,2026-09-08T10:09:00+08:00,14.88,1.63e-04,0.0634,134.4,2.63,WARNING
LM-002496,LK-0500,2026-09-08T08:00:00+08:00,26.52,6.14e-08,0.0076,90.0,4.76,GOOD
LM-002497,LK-0500,2026-09-08T08:35:00+08:00,18.67,1.25e-05,0.0319,109.6,3.52,WARNING
LM-002498,LK-0500,2026-09-08T09:12:00+08:00,24.12,3.12e-07,0.0118,91.7,4.74,GOOD
LM-002499,LK-0500,2026-09-08T09:37:00+08:00,15.79,8.78e-05,0.0537,118.8,2.85,WARNING
LM-002500,LK-0500,2026-09-08T10:03:00+08:00,19.78,5.91e-06,0.026,109.1,3.78,WARNING
